product_id,group,category,status,move_rate,mean_price,raw_reports,adf_p_min,adf_p_max
P11001,Meat & Poultry,Retail,active,0.05998080614203455,165.86091127098322,1920.0,0.14418878788197198,0.1899306185887808
P11002,Meat & Poultry,Retail,active,0.061420345489443376,158.70263788968825,1920.0,0.1089424198797676,0.13967966919733876
P11003,Meat & Poultry,Retail,active,0.05758157389635317,149.64268585131896,1920.0,0.12930785507298986,0.1445510695934643
P11004,Meat & Poultry,Retail,active,0.05758157389635317,149.69544364508394,1920.0,0.12898236538953445,0.1445510695934643
P11005,Meat & Poultry,Retail,active,0.04894433781190019,174.7314148681055,1920.0,0.23052047925301805,0.3521561385917148
P11006,Meat & Poultry,Retail,active,0.007197696737044146,71.55635491606715,1920.0,0.6568932692996949,0.6849692497728503
P11007,Meat & Poultry,Retail,active,0.0,40.0,677.0,,
P11008,Meat & Poultry,Retail,active,0.0,30.0,677.0,,
P11009,Meat & Poultry,Retail,active,0.0028790786948176585,64.63309352517986,2017.0,0.6589298340291321,0.6166903613514776
P11010,Meat & Poultry,Retail,active,0.0033589251439539347,71.31654676258992,1920.0,0.646272852412191,0.7015450154324945
P11011,Meat & Poultry,Retail,active,0.013915547024952015,78.9040767386091,1920.0,0.754422071223379,0.7010272672389357
P11012,Meat & Poultry,Retail,active,0.013915547024952015,76.27338129496403,1920.0,0.7080386182256917,0.707076057396756
P11013,Meat & Poultry,Retail,active,0.01583493282149712,70.23741007194245,2017.0,0.47478584265769114,0.6752396395938396
P11014,Meat & Poultry,Retail,active,0.016314779270633396,88.59712230215827,1920.0,0.05899962435624156,0.1854950523802622
P11015,Meat & Poultry,Retail,active,0.014395393474088292,77.38848920863309,1920.0,0.050381701959988937,0.13583601860234612
P11016,Meat & Poultry,Retail,active,0.0067178502879078695,66.11270983213429,1920.0,0.31768364142286254,0.7435077241591815
P11017,Meat & Poultry,Retail,active,0.0067178502879078695,52.1031175059952,1920.0,0.2879737325937861,0.41134314095305174
P11018,Meat & Poultry,Retail,active,0.013915547024952015,86.8968824940048,1920.0,0.2626529710470125,0.4163651859608072
P11019,Meat & Poultry,Retail,active,0.0047984644913627635,26.384172661870505,1920.0,0.11820344474742467,0.32269211336923
P11020,Meat & Poultry,Retail,active,0.020633397312859885,4.970071942446044,1920.0,0.7863479992084688,0.7865245405008774
P11021,Meat & Poultry,Retail,active,0.020633397312859885,4.672326139088729,1920.0,0.7862043513568442,0.7863825110281986
P11022,Meat & Poultry,Retail,active,0.02015355086372361,4.469736211031175,1920.0,0.6678935915597772,0.7550743471686203
P11023,Meat & Poultry,Retail,active,0.0023992322456813818,6.391223021582734,1920.0,0.7810467363317052,0.6798406601201605
P11024,Meat & Poultry,Retail,active,0.0023992322456813818,5.484028776978418,1920.0,0.846739851302927,0.6798406601201614
P11025,Meat & Poultry,Retail,active,0.04318618042226487,4.403021582733813,1920.0,0.18317625528576337,0.2428442676655338
P11026,Meat & Poultry,Retail,active,0.0427063339731286,4.103357314148681,1920.0,0.19409109298001387,0.23311806841044658
P11027,Meat & Poultry,Retail,active,0.0427063339731286,3.7771223021582725,1920.0,0.1939515198349056,0.24097326947637465
P11028,Meat & Poultry,Retail,active,0.04030710172744722,3.5568824940047965,2017.0,0.11711083420416402,0.1686571270392691
P11029,Meat & Poultry,Retail,active,0.041746641074856046,3.3294964028776977,1920.0,0.15171250564541144,0.11885664348721647
P11030,Meat & Poultry,Retail,active,0.04126679462571977,3.157362110311751,1920.0,0.12051866562039354,0.1161097757512396
P11031,Meat & Poultry,Retail,active,0.0014395393474088292,238.04796163069545,1920.0,0.6696149440212242,0.40433012127274115
P11032,Meat & Poultry,Retail,active,0.0014395393474088292,242.18705035971223,1920.0,0.8104546571080495,0.40433012127272616
P11033,Meat & Poultry,Retail,active,0.0014395393474088292,299.8033573141487,1920.0,0.8269957837857602,0.9800163944266378
P11034,Meat & Poultry,Retail,empty,,,,,
P11035,Meat & Poultry,Retail,empty,,,,,
P11036,Meat & Poultry,Retail,empty,,,,,
P11037,Meat & Poultry,Retail,active,0.06190019193857965,139.29496402877697,2017.0,0.0816463588997049,0.07536821239090663
P11038,Meat & Poultry,Retail,active,0.05998080614203455,139.34772182254196,2017.0,0.07619584734161494,0.07009306946194992
P11039,Meat & Poultry,Retail,empty,,,,,
P11040,Meat & Poultry,Retail,empty,,,,,
P11041,Meat & Poultry,Retail,empty,,,,,
P11042,Meat & Poultry,Retail,active,0.0019193857965451055,218.61390887290167,1917.0,0.5669222052822843,0.5917028893289283
P11043,Meat & Poultry,Retail,active,0.0014395393474088292,210.9736211031175,1917.0,0.849715409962646,0.4043301212727463
P11044,Meat & Poultry,Retail,active,0.008157389635316698,73.52997601918466,1031.0,0.2889376366293115,0.08329283543713051
P11045,Meat & Poultry,Retail,active,0.007197696737044146,76.20143884892086,1031.0,0.5957771887538272,0.6435601836371985
P11046,Meat & Poultry,Retail,active,0.0067178502879078695,85.54196642685851,948.0,0.3729803422706968,0.22112229731423966
P11047,Meat & Poultry,Retail,active,0.0014395393474088292,209.14388489208633,801.0,0.9884429608895341,0.9881285935005002
P11048,Meat & Poultry,Retail,active,0.0014395393474088292,232.78177458033574,801.0,0.9825279304068419,0.9825279304068417
P11049,Meat & Poultry,Retail,active,0.0014395393474088292,272.7817745803357,801.0,0.9825279304068416,0.9825279304068415
P11050,Meat & Poultry,Retail,active,0.0009596928982725527,295.7841726618705,801.0,0.9752381674563665,0.9607366217455171
P12001,Aquatic & Marine,Retail,active,0.02831094049904031,250.36450839328538,1918.0,0.000491788622239812,0.0008989559602345388
P12002,Aquatic & Marine,Retail,active,0.029750479846449136,228.1199040767386,1918.0,0.006535683370185605,7.25220806886719e-05
P12003,Aquatic & Marine,Retail,active,0.03262955854126679,207.1127098321343,1918.0,0.0071673789407039725,0.007559124891673162
P12004,Aquatic & Marine,Retail,active,0.03358925143953935,184.22541966426857,2060.0,0.01124094962945883,0.012185177140839217
P12005,Aquatic & Marine,Retail,active,0.030230326295585412,162.19664268585132,1918.0,3.530107709739448e-05,3.59536541307729e-05
P12006,Aquatic & Marine,Retail,empty,,,,,
P12007,Aquatic & Marine,Retail,empty,,,,,
P12008,Aquatic & Marine,Retail,active,0.0,451.72661870503595,1918.0,5.08687877454962e-08,
P12009,Aquatic & Marine,Retail,active,0.008157389635316698,181.99760191846522,1918.0,0.10103614835231584,0.03373139841833188
P12010,Aquatic & Marine,Retail,active,0.009596928982725527,212.00959232613909,1918.0,0.6712055758919728,0.02201129534608648
P12011,Aquatic & Marine,Retail,active,0.008637236084452975,151.0071942446043,1918.0,0.40607507054867426,0.2399070895701183
P12012,Aquatic & Marine,Retail,active,0.017754318618042227,67.75299760191847,1918.0,0.4591106640978402,0.35551303809720236
P12013,Aquatic & Marine,Retail,active,0.008637236084452975,52.539568345323744,1918.0,0.0030700317391858683,0.3850637838431531
P12014,Aquatic & Marine,Retail,active,0.004318618042226488,99.76498800959233,1918.0,0.6202613064690081,0.9572951260984498
P12015,Aquatic & Marine,Retail,active,0.007197696737044146,145.85611510791367,1918.0,0.32462561882210883,0.2451278104110433
P12016,Aquatic & Marine,Retail,active,0.005758157389635317,71.19184652278177,2060.0,0.0011267364073424557,0.21222870145889994
P12017,Aquatic & Marine,Retail,active,0.004318618042226488,60.83213429256595,2060.0,0.0025058022293011845,0.42374870059318936
P12018,Aquatic & Marine,Retail,active,0.0047984644913627635,51.064748201438846,1918.0,0.0005039608415883693,0.06814851185722505
P12019,Aquatic & Marine,Retail,active,0.01055662188099808,102.22302158273381,2060.0,0.30541056876788764,0.46266553066822014
P12020,Aquatic & Marine,Retail,active,0.0004798464491362764,20.0,666.0,,0.13930862903884667
P12021,Aquatic & Marine,Retail,empty,,,,,
P12022,Aquatic & Marine,Retail,empty,,,,,
P12023,Aquatic & Marine,Retail,active,0.0004798464491362764,31.400479616306953,820.0,0.9096334101160943,0.9096334101160941
P12024,Aquatic & Marine,Retail,active,0.0019193857965451055,134.77218225419665,457.0,0.39867144615661393,0.5885908257426767
P13001,Fresh Vegetables,Retail,active,0.17994241842610365,26.725659472422063,2063.0,2.749902499949491e-09,1.9358068170027884e-08
P13002,Fresh Vegetables,Retail,active,0.16218809980806143,35.35923261390887,1921.0,1.478280740026104e-07,2.6380185842168395e-07
P13003,Fresh Vegetables,Retail,active,0.20969289827255277,24.33429256594724,2063.0,5.368024500995299e-13,1.0740875320039797e-12
P13004,Fresh Vegetables,Retail,active,0.19241842610364684,32.49400479616307,1921.0,6.769956786649585e-11,1.0909324208855997e-10
P13005,Fresh Vegetables,Retail,active,0.1765834932821497,20.91558752997602,2063.0,1.1857474183693832e-14,1.4227018277766347e-12
P13006,Fresh Vegetables,Retail,active,0.15499040307101727,28.75347721822542,1921.0,1.5940960353068491e-10,3.5391917967531836e-09
P13007,Fresh Vegetables,Retail,active,0.2696737044145873,43.69304556354916,1921.0,5.510066656861123e-11,1.5311521223569148e-10
P13008,Fresh Vegetables,Retail,active,0.2581573896353167,53.682973621103116,1921.0,5.244910742161015e-10,5.793413582561073e-09
P13009,Fresh Vegetables,Retail,active,0.09404990403071017,25.998561151079137,2063.0,5.3386859988266165e-06,4.2205141221962205e-05
P13010,Fresh Vegetables,Retail,active,0.08253358925143954,34.53525179856115,1921.0,0.0002707193436956062,0.0012098890196470878
P13011,Fresh Vegetables,Retail,active,0.07389635316698656,22.71031175059952,2063.0,0.0014774442090827373,0.0043949157249103775
P13012,Fresh Vegetables,Retail,active,0.06669865642994242,30.94388489208633,1921.0,0.016965062642975193,0.012101684247364219
P13013,Fresh Vegetables,Retail,active,0.07005758157389635,35.860911270983216,1921.0,0.0003313126151803017,0.0004995742596780647
P13014,Fresh Vegetables,Retail,active,0.06621880998080615,45.035011990407675,1921.0,0.0010807760816451868,0.0021915717233407118
P13015,Fresh Vegetables,Retail,active,0.12715930902111325,30.87338129496403,1921.0,0.00014464197509181874,0.0004094803304245176
P13016,Fresh Vegetables,Retail,active,0.10892514395393474,39.51510791366906,1921.0,3.486543764569531e-05,0.0022336671504028234
P13017,Fresh Vegetables,Retail,active,0.14251439539347407,33.73189448441247,1921.0,6.36414788200032e-05,9.981613365757819e-05
P13018,Fresh Vegetables,Retail,active,0.1295585412667946,42.72038369304556,1921.0,0.0002610846314963351,0.0029434647742725287
P13019,Fresh Vegetables,Retail,active,0.12092130518234165,29.327098321342927,1921.0,9.279859501960622e-06,2.848237001019689e-05
P13020,Fresh Vegetables,Retail,active,0.11420345489443379,38.18609112709832,1921.0,8.894548954064787e-05,0.00036525557525521275
P13021,Fresh Vegetables,Retail,active,0.11948176583493282,25.41726618705036,1921.0,2.9012182636769952e-08,0.011792128193740505
P13022,Fresh Vegetables,Retail,active,0.30470249520153553,43.10647482014389,2063.0,1.3994009200498702e-09,8.717885459071795e-08
P13023,Fresh Vegetables,Retail,active,0.2869481765834933,53.29736211031175,1921.0,1.6320988294057983e-06,1.2474658173725527e-05
P13024,Fresh Vegetables,Retail,active,0.10796545105566219,22.790407673860912,1921.0,0.0010994726826259649,0.015938469488139158
P13025,Fresh Vegetables,Retail,active,0.09596928982725528,30.586570743405275,1921.0,0.08607489670877994,0.10532226768605513
P13026,Fresh Vegetables,Retail,active,0.02111324376199616,15.01726618705036,1921.0,0.007446786769426848,0.01627704738003043
P13027,Fresh Vegetables,Retail,active,0.019193857965451054,22.422062350119905,1921.0,0.033652754934503995,0.03722206835638929
P13028,Fresh Vegetables,Retail,active,0.05518234165067178,20.916067146282973,1921.0,3.3817132631336695e-06,7.234736445025119e-05
P13029,Fresh Vegetables,Retail,active,0.04798464491362764,28.377937649880096,1921.0,0.002227572531089828,0.0019303046572564805
P13030,Fresh Vegetables,Retail,active,0.0446257197696737,145.85611510791367,1921.0,0.008836697459397375,0.002642242054960884
P13031,Fresh Vegetables,Retail,active,0.04318618042226487,164.52278177458032,1921.0,0.06486386484142415,0.016692924178800302
P13032,Fresh Vegetables,Retail,active,0.01871401151631478,42.83165467625899,1921.0,0.3809891466515297,0.7338389786932603
P13033,Fresh Vegetables,Retail,active,0.1751439539347409,18.01103117505995,925.0,0.39272474643626903,0.430457496130341
P13034,Fresh Vegetables,Retail,active,0.1746641074856046,21.062829736211032,925.0,0.4673025276536638,0.50040129138542
P13035,Fresh Vegetables,Retail,active,0.095489443378119,7.925659472422062,925.0,5.063412931183885e-05,4.920935527599043e-05
P13036,Fresh Vegetables,Retail,active,0.095489443378119,9.929496402877698,925.0,4.832811991114369e-05,4.83281199111478e-05
P13037,Fresh Vegetables,Retail,active,0.023512476007677544,6.044124700239808,925.0,0.033045750107948246,0.016581698064396192
P13038,Fresh Vegetables,Retail,active,0.023032629558541268,5.0853717026378895,925.0,1.344278044674237e-07,1.5064346986456578e-07
P13039,Fresh Vegetables,Retail,active,0.1420345489443378,16.98800959232614,925.0,0.36611182980629753,0.39343605200692433
P13040,Fresh Vegetables,Retail,active,0.1420345489443378,20.036930455635492,925.0,0.41654501758293827,0.43653792086958626
P13041,Fresh Vegetables,Retail,active,0.02399232245681382,23.367865707434053,1921.0,0.07290150945533462,0.11186622087730191
P13042,Fresh Vegetables,Retail,active,0.013915547024952015,10.39568345323741,927.0,0.0008420422083596574,0.00042075122331206494
P13043,Fresh Vegetables,Retail,active,0.06381957773512476,3.45083932853717,2063.0,6.780490983901865e-07,9.65693398494538e-07
P13044,Fresh Vegetables,Retail,active,0.061420345489443376,2.2659472422062352,1921.0,1.050936919960024e-06,4.697829893166494e-07
P13045,Fresh Vegetables,Retail,active,0.032149712092130515,61.50359712230216,1921.0,0.0018150835208285815,0.0016351524524963195
P13046,Fresh Vegetables,Retail,active,0.01727447216890595,59.52757793764988,1921.0,0.03133701322291879,0.030921564646798915
P13047,Organic Veg & Fruits,Retail,active,0.004318618042226488,253.17745803357315,223.0,0.4408695147164094,0.4408695147164094
P13048,Organic Veg & Fruits,Retail,active,0.0014395393474088292,246.8273381294964,235.0,0.6279246863740815,0.6279246863740815
P13049,Organic Veg & Fruits,Retail,active,0.0014395393474088292,125.57170263788969,237.0,0.9675770983619689,0.9675770983619689
P13050,Organic Veg & Fruits,Retail,active,0.008637236084452975,169.47865707434053,240.0,0.07864138442395968,0.07864138442395968
P13051,Organic Veg & Fruits,Retail,active,0.004318618042226488,209.3621103117506,246.0,0.8616683346500651,0.8616683346500651
P13052,Organic Veg & Fruits,Retail,active,0.0009596928982725527,192.74820143884892,229.0,0.26758314055702026,0.26758314055702026
P13053,Organic Veg & Fruits,Retail,active,0.007197696737044146,293.75347721822544,237.0,0.0037699342433289485,0.0037699342433289485
P13054,Organic Veg & Fruits,Retail,active,0.0,300.0,232.0,,
P13055,Organic Veg & Fruits,Retail,active,0.0023992322456813818,109.79616306954436,240.0,3.7615339349035426e-08,3.7615339349035426e-08
P13056,Organic Veg & Fruits,Retail,active,0.0047984644913627635,111.61151079136691,252.0,0.07311513855602039,0.07311513855602039
P13057,Organic Veg & Fruits,Retail,active,0.0023992322456813818,99.32374100719424,247.0,0.019568435486838457,0.019568435486838457
P13058,Organic Veg & Fruits,Retail,active,0.00527831094049904,106.27002398081535,248.0,0.5640658966651915,0.5640658966651915
P13059,Fresh Vegetables,Retail,active,0.02543186180422265,90.38848920863309,1067.0,0.5391984616556783,0.6324161228243773
P13060,Organic Veg & Fruits,Retail,active,0.0023992322456813818,382.50359712230215,131.0,0.8856559979630204,0.8856559979630204
P13061,Organic Veg & Fruits,Retail,active,0.0009596928982725527,383.2230215827338,183.0,0.971040599393417,0.971040599393417
P13062,Organic Veg & Fruits,Retail,active,0.004318618042226488,380.5275779376499,165.0,0.9681144481838858,0.9681144481838858
P13063,Organic Veg & Fruits,Retail,active,0.0023992322456813818,391.3525179856115,201.0,0.6570884203160772,0.6570884203160772
P13064,Organic Veg & Fruits,Retail,active,0.0028790786948176585,441.621103117506,140.0,0.5760598542711706,0.5760598542711706
P13065,Organic Veg & Fruits,Retail,active,0.0019193857965451055,462.6282973621103,167.0,0.19612836207322082,0.19612836207322082
P13066,Organic Veg & Fruits,Retail,active,0.005758157389635317,130.54436450839327,240.0,0.5864032290465739,0.5864032290465739
P13067,Organic Veg & Fruits,Retail,active,0.003838771593090211,112.66139088729017,241.0,0.1855610478336463,0.1855610478336463
P13068,Organic Veg & Fruits,Retail,active,0.0028790786948176585,186.65707434052757,237.0,0.6877451930956572,0.6877451930956572
P13069,Organic Veg & Fruits,Retail,active,0.0028790786948176585,163.93093525179856,245.0,0.561128144835289,0.561128144835289
P13070,Organic Veg & Fruits,Retail,active,0.0019193857965451055,131.05755395683454,249.0,0.012998593262083472,0.012998593262083472
P13071,Organic Veg & Fruits,Retail,active,0.00527831094049904,117.40383693045564,240.0,0.7998520086616208,0.7998520086616208
P13072,Organic Veg & Fruits,Retail,active,0.0004798464491362764,49.3841726618705,246.0,0.7493719138566236,0.7493719138566236
P13073,Organic Veg & Fruits,Retail,active,0.0004798464491362764,49.663309352517985,237.0,0.7979296953696016,0.7979296953696016
P13074,Organic Veg & Fruits,Retail,active,0.0009596928982725527,494.5707434052758,240.0,0.4886213098944516,0.4886213098944516
P13075,Organic Veg & Fruits,Retail,active,0.0019193857965451055,505.9712230215827,232.0,0.5443155558667966,0.5443155558667966
P13076,Organic Veg & Fruits,Retail,active,0.0,7.25,244.0,,
P13077,Organic Veg & Fruits,Retail,active,0.0,7.25,248.0,,
P13078,Organic Veg & Fruits,Retail,active,0.0019193857965451055,376.99520383693044,187.0,8.016878279590972e-12,6.307310332744205e-12
P13079,Organic Veg & Fruits,Retail,active,0.0023992322456813818,370.3390887290168,212.0,0.3212840441607592,0.3212840441607592
P13080,Organic Veg & Fruits,Retail,active,0.0,186.0,210.0,,
P13081,Organic Veg & Fruits,Retail,active,0.004318618042226488,192.65755395683453,213.0,0.12419460926519688,0.12419460926519688
P13082,Fresh Vegetables,Retail,active,0.20585412667946257,176.93525179856115,1139.0,0.16031586266787357,0.1430003663696014
P13083,Fresh Vegetables,Retail,active,0.190978886756238,207.62110311750598,997.0,0.18375494665618886,0.15639671576862502
P13084,Fresh Vegetables,Retail,active,0.14923224568138196,79.86570743405275,1139.0,4.460333418489169e-06,6.436909390608628e-05
P13085,Fresh Vegetables,Retail,active,0.13483685220729366,98.46282973621103,997.0,0.00011561127369730488,1.037830320459237e-05
P13086,Fresh Vegetables,Retail,active,0.04990403071017274,66.90167865707434,997.0,1.8066575449998494e-12,4.3113704363770745e-10
P13087,Fresh Vegetables,Retail,active,0.058061420345489445,58.9400479616307,1139.0,0.002997853863749891,0.15761487720160883
P13088,Fresh Vegetables,Retail,active,0.15882917466410748,163.189448441247,997.0,0.4584843037586489,0.48284136399565414
P13089,Fresh Vegetables,Retail,active,0.14971209213051823,188.1270983213429,997.0,0.5105412636812525,0.4974489265248801
P13090,Fresh Vegetables,Retail,active,0.04990403071017274,103.60191846522781,997.0,5.45608757002118e-06,8.296199464399586e-05
P13091,Fresh Vegetables,Retail,active,0.02111324376199616,178.55635491606714,948.0,0.07330937293031485,0.055808140947868026
P13092,Fresh Vegetables,Retail,active,0.021593090211132437,20.628297362110313,948.0,5.307552312092588e-06,0.001273825709818954
P14001,Fruits,Retail,active,0.07053742802303263,49.462829736211035,1913.0,9.916728376883445e-06,1.547216400440862e-05
P14002,Fruits,Retail,active,0.07245681381957773,61.05515587529976,1913.0,6.145645628637073e-07,2.7621641888459984e-06
P14003,Fruits,Retail,active,0.07053742802303263,72.87769784172662,1913.0,1.9748223817937492e-05,3.981449469184351e-06
P14004,Fruits,Retail,active,0.008637236084452975,30.810551558752998,1913.0,0.13351347262690882,0.23516896542375176
P14005,Fruits,Retail,active,0.011516314779270634,25.293525179856115,1913.0,0.03405921612485843,0.08157423218753229
P14006,Fruits,Retail,active,0.00527831094049904,9.481798561151079,483.0,0.0016615975082791242,0.01425422498703742
P14007,Fruits,Retail,active,0.023512476007677544,39.63069544364508,1913.0,0.004241566263670473,0.009642639793109418
P14008,Fruits,Retail,active,0.019193857965451054,47.78417266187051,1910.0,0.08606673607578952,0.17037700809949569
P14009,Fruits,Retail,active,0.022072936660268713,33.21822541966427,1913.0,0.05518970529426941,0.11394682582259646
P14010,Fruits,Retail,active,0.029750479846449136,30.43884892086331,1913.0,2.82025444774807e-06,4.490997587386117e-06
P14011,Fruits,Retail,active,0.030230326295585412,41.36690647482014,1913.0,1.5439728253397184e-05,0.006674957558024245
P14012,Fruits,Retail,active,0.05758157389635317,76.85611510791367,1790.0,0.0002100175433629813,0.015373589914773158
P14013,Fruits,Retail,active,0.058061420345489445,60.01199040767386,1790.0,0.00043111760642905315,0.0006416037065756576
P14014,Fruits,Retail,active,0.03598848368522073,59.23741007194245,1421.0,0.0008079360365806234,0.0005917989140864327
P14015,Fruits,Retail,active,0.034069097888675626,46.750599520383695,1421.0,0.0012796688782836633,0.0010320917168948123
P14016,Fruits,Retail,active,0.03694817658349328,50.00959232613909,1194.0,0.00039763583207404863,0.0021171329945196826
P14017,Fruits,Retail,active,0.03742802303262956,48.270983213429254,1103.0,1.1376281567607704e-05,2.3756373091170288e-05
P14018,Fruits,Retail,empty,,,,,
P14019,Fruits,Retail,active,0.025911708253358926,112.27338129496403,1147.0,0.10343617940334832,0.10706907596646575
P14020,Fruits,Retail,active,0.03790786948176583,149.4052757793765,1333.0,0.00958105425926492,0.049470668956542466
P14021,Fruits,Retail,active,0.02783109404990403,53.800959232613906,1086.0,0.00330745980071551,0.010638448250539691
P14022,Fruits,Retail,active,0.0023992322456813818,44.381294964028775,509.0,0.3666592685532069,0.39144660055152314
P14023,Fruits,Retail,active,0.009117082533589251,83.77458033573141,601.0,0.11808778071159354,0.14020567457359334
P14024,Fruits,Retail,active,0.0019193857965451055,61.99040767386091,466.0,0.16096876717590192,0.07893168936557587
P14025,Fruits,Retail,active,0.0009596928982725527,41.410071942446045,466.0,0.2725594742650206,0.27255947426502114
P14026,Fruits,Retail,active,0.010076775431861805,28.35779376498801,1913.0,0.926333795711098,0.935587335226658
P14027,Fruits,Retail,active,0.010076775431861805,24.17937649880096,1913.0,0.9759760582332956,0.9786071022078403
P14028,Fruits,Retail,active,0.010076775431861805,21.27242206235012,1913.0,0.9253245244630571,0.9732275774982067
P14029,Fruits,Retail,empty,,,,,
P14030,Fruits,Retail,active,0.01583493282149712,55.458033573141485,1080.0,0.00637504026036932,0.010831994329618096
P14031,Fruits,Retail,empty,,,,,
P14032,Fruits,Retail,empty,,,,,
P14033,Fruits,Retail,active,0.03838771593090211,41.07194244604317,1913.0,0.0008742837272801276,0.0010405219397205269
P14034,Fruits,Retail,active,0.03262955854126679,100.06714628297362,1482.0,0.021741624091929913,0.027457786408561835
P14035,Fruits,Retail,active,0.02495201535508637,90.62350119904077,1467.0,0.041992852293192814,0.08793879993145293
P14036,Fruits,Retail,active,0.022072936660268713,52.961630695443645,1467.0,0.0017146618902275684,0.008139519884331937
P14037,Organic Veg & Fruits,Retail,active,0.0,8.400000000000002,254.0,,
P14038,Organic Veg & Fruits,Retail,active,0.0,11.25,252.0,,
P14039,Organic Veg & Fruits,Retail,active,0.0,65.0,255.0,,
P14040,Organic Veg & Fruits,Retail,active,0.0,65.0,256.0,,
P14041,Organic Veg & Fruits,Retail,active,0.0,70.0,237.0,,
P14042,Organic Veg & Fruits,Retail,active,0.0,70.0,237.0,,
P14043,Organic Veg & Fruits,Retail,active,0.0,50.0,198.0,,
P14044,Organic Veg & Fruits,Retail,active,0.0,50.0,243.0,,
P14045,Organic Veg & Fruits,Retail,active,0.0,98.0,250.0,,
P14046,Organic Veg & Fruits,Retail,active,0.0,98.0,256.0,,
P15001,Food Crops,Retail,active,0.028790786948176585,103.06954436450839,1913.0,0.3159862958035482,0.27329740842257716
P15002,Food Crops,Retail,active,0.027351247600767754,89.35491606714628,1826.0,0.34517961899170313,0.2981656398048555
P15003,Food Crops,Retail,active,0.027351247600767754,76.4978417266187,1826.0,0.3042836743923417,0.3567714502319902
P15004,Food Crops,Retail,empty,,,,,
P15005,Food Crops,Retail,empty,,,,,
P15006,Food Crops,Retail,empty,,,,,
P15007,Food Crops,Retail,active,0.02399232245681382,101.96882494004797,1913.0,0.31424221688567167,0.2759336268658215
P15008,Food Crops,Retail,active,0.02399232245681382,95.65947242206235,1826.0,0.1588610236917119,0.13394438266998476
P15009,Food Crops,Retail,active,0.024472168905950095,94.71942446043165,1826.0,0.046679019021933985,0.07169984049454765
P15010,Food Crops,Retail,active,0.03838771593090211,70.43645083932854,1913.0,0.0002654670060867796,7.704271673090162e-05
P15011,Food Crops,Retail,active,0.03694817658349328,58.275779376498804,1826.0,0.004215149317576387,0.003035432806534018
P15012,Food Crops,Retail,active,0.03742802303262956,48.10455635491607,1826.0,0.0011934266127576324,0.0016021428300530746
P15013,Food Crops,Retail,active,0.03790786948176583,75.5083932853717,1913.0,0.001877688060542818,0.00032882984970989906
P15014,Food Crops,Retail,active,0.03598848368522073,63.81438848920863,1826.0,0.003904687442765741,0.0046916483103591426
P15015,Food Crops,Retail,active,0.03502879078694818,52.55059952038369,1826.0,0.0016627326523470938,0.002700942371889899
P15016,Food Crops,Retail,active,0.023032629558541268,55.170263788968825,1224.0,0.0004865221813779643,0.00012119689769130808
P15017,Food Crops,Retail,active,0.023032629558541268,43.44364508393286,1217.0,0.0005235364156397498,0.00034756456385861585
P15018,Food Crops,Retail,active,0.023032629558541268,33.219664268585134,1217.0,0.00013848868384617097,0.0001713434454107859
P15019,Food Crops,Retail,active,0.022552783109404992,59.13669064748201,1224.0,0.00044581105212354285,0.000490738568775243
P15020,Food Crops,Retail,active,0.023512476007677544,48.10215827338129,1217.0,0.0009782285120887445,0.0005660399448892717
P15021,Food Crops,Retail,active,0.023032629558541268,37.46235011990408,1217.0,0.00021689169768114618,0.0003667499792519287
P15022,Food Crops,Retail,active,0.0067178502879078695,29.241247002398083,1084.0,0.03229487260009763,0.327150982987112
P15023,Food Crops,Retail,active,0.007197696737044146,25.86906474820144,1084.0,0.05836271921035088,0.1222157251419026
P15024,Food Crops,Retail,empty,,,,,
P15025,Food Crops,Retail,empty,,,,,
P15026,Food Crops,Retail,active,0.003838771593090211,34.95779376498801,1570.0,0.35500711280563046,0.6116863144954658
P15027,Food Crops,Retail,active,0.0047984644913627635,33.38369304556355,1570.0,0.5083168364709173,0.582235278314116
P15028,Food Crops,Retail,active,0.004318618042226488,28.30599520383693,478.0,0.04199932847363959,0.03424375409563984
P15029,Food Crops,Retail,active,0.004318618042226488,25.84652278177458,478.0,0.03959153727229608,0.039591537272296064
P15030,Food Crops,Retail,active,0.01055662188099808,38.67338129496403,1913.0,0.4053047338146285,0.45507754401620343
P15031,Food Crops,Retail,active,0.011036468330134356,34.16402877697842,1913.0,0.3326811327623187,0.41906342382757045
P15032,Food Crops,Retail,active,0.009596928982725527,29.305515587529975,1913.0,0.3027375914655209,0.34161613101315225
P15033,Food Crops,Retail,active,0.011516314779270634,84.10071942446044,1913.0,0.1951358718209819,0.1569415649748241
P15034,Food Crops,Retail,active,0.007677543186180422,47.597122302158276,1395.0,0.2665376437610927,0.21811372106258387
P15035,Food Crops,Retail,active,0.01727447216890595,265.1223021582734,1913.0,0.2746096020744242,0.3214556090996593
P15036,Food Crops,Retail,active,0.004318618042226488,81.8369304556355,1913.0,0.2782053649594522,0.19292378891780393
P15037,Food Crops,Retail,active,0.004318618042226488,397.64988009592327,1913.0,0.3079813502279094,0.296360253774406
P15038,Food Crops,Retail,active,0.004318618042226488,287.9136690647482,1913.0,0.30890681246346574,0.30890681246346696
P15039,Food Crops,Retail,active,0.013435700575815739,246.1199040767386,1913.0,0.4446481221908265,0.4523264755196197
P15040,Food Crops,Retail,active,0.013435700575815739,198.9304556354916,1913.0,0.31231672232255403,0.32295768829259086
P15041,Food Crops,Retail,active,0.006238003838771593,89.27817745803357,635.0,0.4950068710118232,0.3847043419082659
P15042,Food Crops,Retail,active,0.004318618042226488,80.29256594724221,548.0,0.438971768420121,0.43897176842011976
P15043,Food Crops,Retail,active,0.0047984644913627635,69.28537170263789,548.0,0.5382997484433921,0.5382997484433972
P15044,Food Crops,Retail,active,0.004318618042226488,73.86091127098321,635.0,0.7109096896257292,0.5279679106538829
P15045,Food Crops,Retail,active,0.0,30.0,386.0,,
P15046,Food Crops,Retail,active,0.0,25.0,386.0,,
P15047,Miscellaneous / Unknown,Unknown,empty,,,,,
P15048,Miscellaneous / Unknown,Unknown,empty,,,,,
P16001,Oil Crops & Oils,Retail,active,0.004318618042226488,81.79232613908873,1919.0,0.46084358518313173,0.6149430744368795
P16002,Oil Crops & Oils,Retail,active,0.0047984644913627635,72.89448441247002,1919.0,0.4194355993044748,0.39803440129080464
P16003,Oil Crops & Oils,Retail,empty,,,,,
P16004,Oil Crops & Oils,Retail,active,0.0,230.0,461.0,,
P16005,Oil Crops & Oils,Retail,active,0.0023992322456813818,143.19664268585132,1919.0,0.7403262882926526,0.7547999495502143
P16006,Oil Crops & Oils,Retail,active,0.02783109404990403,49.2652278177458,2016.0,0.5369233303703268,0.5397625207456902
P16007,Oil Crops & Oils,Retail,active,0.034069097888675626,48.82158273381295,2016.0,0.6146572359303449,0.5485807757915293
P16008,Oil Crops & Oils,Retail,active,0.02783109404990403,63.85419664268585,1919.0,0.5959127378900606,0.73746897705108
P16009,Oil Crops & Oils,Retail,active,0.0028790786948176585,65.03645083932854,1919.0,0.12039623999855986,0.5199738568872283
P16010,Oil Crops & Oils,Retail,active,0.028790786948176585,39.77985611510791,1919.0,0.5189874171844083,0.5157794682409151
P16011,Oil Crops & Oils,Retail,active,0.036468330134357005,41.192086330935254,2016.0,0.5464468084898977,0.48792825410459695
P16012,Oil Crops & Oils,Retail,active,0.032149712092130515,31.087290167865707,1919.0,0.4936991005163127,0.40252185706908794
P16013,Oil Crops & Oils,Retail,active,0.00527831094049904,68.10647482014389,1920.0,0.7796102502139932,0.7866196291226101
P16014,Oil Crops & Oils,Retail,empty,,,,,
P16015,Oil Crops & Oils,Retail,empty,,,,,
P16016,Oil Crops & Oils,Retail,empty,,,,,
P16017,Oil Crops & Oils,Retail,empty,,,,,
P16018,Oil Crops & Oils,Retail,active,0.006238003838771593,70.68776978417266,1919.0,0.6392954696171237,0.6787299468929231
P16019,Oil Crops & Oils,Retail,empty,,,,,
P16020,Oil Crops & Oils,Retail,active,0.005758157389635317,118.75779376498801,1919.0,0.46009343668744757,0.4600934366874636
P16021,Oil Crops & Oils,Retail,active,0.005758157389635317,103.61151079136691,1919.0,0.19127438310030953,0.19127438310031686
P16022,Oil Crops & Oils,Retail,active,0.010076775431861805,73.96163069544365,1902.0,0.42901534228072924,0.4956807607093111
P16023,Oil Crops & Oils,Retail,empty,,,,,
P16024,Oil Crops & Oils,Retail,active,0.0009596928982725527,182.15347721822542,1632.0,0.787695129326012,0.787695129326012
P16025,Oil Crops & Oils,Retail,active,0.0009596928982725527,648.031175059952,1632.0,0.7261959525969542,0.7261959525969542
P16026,Oil Crops & Oils,Retail,active,0.0014395393474088292,207.32374100719426,1544.0,0.6020055976389662,0.6821830856874933
P16027,Oil Crops & Oils,Retail,active,0.00527831094049904,107.0925659472422,1612.0,0.17403454358298853,0.34948801339669977
P16028,Oil Crops & Oils,Retail,active,0.0019193857965451055,110.86378896882493,1612.0,0.2280807153759944,0.18851637164482216
R11001,Wholesale Rice & Bags,Wholesale,active,0.19385796545105566,1562.1342925659471,1919.0,0.5139485844541725,0.5134388165536591
R11002,Wholesale Rice & Bags,Wholesale,active,0.19241842610364684,1509.2038369304557,1919.0,0.5218828169025381,0.5223345243159475
R11003,Wholesale Rice & Bags,Wholesale,active,0.19433781190019195,1499.0071942446043,1919.0,0.5229155892707017,0.5229155892707059
R11004,Wholesale Rice & Bags,Wholesale,active,0.19385796545105566,1449.0071942446043,1919.0,0.5229155892707096,0.5250722024820534
R11005,Wholesale Rice & Bags,Wholesale,active,0.19433781190019195,1489.0081534772182,1919.0,0.522866235776219,0.5223345742763206
R11006,Wholesale Rice & Bags,Wholesale,active,0.19385796545105566,1439.0263788968825,1919.0,0.5227648785108543,0.5227648785108602
R11007,Wholesale Rice & Bags,Wholesale,active,0.20393474088291746,1461.8081534772182,1919.0,0.517417985510994,0.5152313556788535
R11008,Wholesale Rice & Bags,Wholesale,active,0.2053742802303263,1406.9400479616306,1919.0,0.5177418346135569,0.5153602877286442
R11009,Wholesale Rice & Bags,Wholesale,active,0.20057581573896352,1398.9736211031175,1919.0,0.4842797645392059,0.4837700863799201
R11010,Wholesale Rice & Bags,Wholesale,active,0.2010556621880998,1373.4580335731414,1919.0,0.4974419268695014,0.4982825636080384
R11011,Wholesale Rice & Bags,Wholesale,active,0.20057581573896352,1340.9112709832134,1919.0,0.4971644179809891,0.5053391662226858
R11012,Wholesale Rice & Bags,Wholesale,active,0.19865642994241842,1320.863309352518,1919.0,0.4930882567468944,0.4930882567468926
R11013,Wholesale Rice & Bags,Wholesale,active,0.09213051823416507,1184.009592326139,1919.0,0.5654965044632863,0.5654965044632857
R11014,Wholesale Rice & Bags,Wholesale,active,0.09117082533589252,1183.8484412470025,1919.0,0.5773814062286167,0.5790593460163097
R11015,Wholesale Rice & Bags,Wholesale,active,0.07485604606525911,1109.0263788968825,1919.0,0.6600193528162046,0.6600193528162046
R11016,Wholesale Rice & Bags,Wholesale,active,0.07485604606525911,1109.0407673860911,1919.0,0.6625863464852895,0.6625863464852891
R11017,Wholesale Rice & Bags,Wholesale,active,0.07677543186180422,1076.7769784172663,1919.0,0.24933958304871529,0.2493395830487149
R11018,Wholesale Rice & Bags,Wholesale,active,0.1199616122840691,2436.9736211031177,1919.0,0.348230693860898,0.34593284896380294
R11019,Wholesale Rice & Bags,Wholesale,active,0.1324376199616123,2577.8705035971225,1919.0,0.21755008726047104,0.21634589299785467
R11020,Wholesale Rice & Bags,Wholesale,active,0.11324376199616124,2390.800959232614,1919.0,0.20586041162159519,0.2033802781071376
R11021,Wholesale Rice & Bags,Wholesale,active,0.11516314779270634,2430.7002398081536,1910.0,0.20997623255313547,0.20855313733866537
R11022,Wholesale Rice & Bags,Wholesale,active,0.10748560460652591,2190.3836930455636,1919.0,0.20775197365801035,0.2060222850774321
R11023,Wholesale Rice & Bags,Wholesale,active,0.10844529750479846,2231.4484412470024,1919.0,0.21527523109259128,0.2137633075036578
R11024,Wholesale Rice & Bags,Wholesale,active,0.08205374280230326,1860.63309352518,1919.0,0.3105984516987385,0.34489116598422864
R11025,Wholesale Rice & Bags,Wholesale,active,0.08253358925143954,1879.304556354916,1919.0,0.30012002965856754,0.3191616903384009
R11026,Wholesale Rice & Bags,Wholesale,active,0.18042226487523993,1422.6666666666667,1919.0,0.5354078337896461,0.5342841980065396
R11027,Wholesale Rice & Bags,Wholesale,active,0.18042226487523993,1373.8273381294964,1919.0,0.5365655512139312,0.5365655512139239
R11028,Wholesale Rice & Bags,Wholesale,active,0.07437619961612284,1126.9016786570744,1919.0,0.586763732566865,0.5867637325668642
R11029,Wholesale Rice & Bags,Wholesale,active,0.07629558541266794,3243.925179856115,1919.0,0.5420737538447434,0.5417713995791829
R11030,Wholesale Rice & Bags,Wholesale,active,0.08397312859884837,3190.2465227817747,1919.0,0.5844252632036296,0.583808038507381
R11031,Wholesale Rice & Bags,Wholesale,active,0.07917466410748561,3101.1529976019183,1919.0,0.39807955789348615,0.3980604883272355
R11032,Wholesale Rice & Bags,Wholesale,active,0.0974088291746641,2949.747721822542,1919.0,0.4258927190407116,0.425871555416317
R11033,Wholesale Rice & Bags,Wholesale,active,0.060460652591170824,1399.0983213429256,1919.0,0.47485236571976974,0.47485236571977274
R11034,Wholesale Rice & Bags,Wholesale,active,0.07149712092130518,1414.052757793765,1919.0,0.5531073081373845,0.5531073081373974
R11035,Wholesale Rice & Bags,Wholesale,active,0.0873320537428023,2824.9544364508392,1919.0,0.429349682885742,0.4267139147666912
R11036,Wholesale Rice & Bags,Wholesale,active,0.08781190019193857,2824.9640287769785,1919.0,0.42962705950003405,0.4280890482518765
R11037,Wholesale Rice & Bags,Wholesale,active,0.16506717850287908,2095.6978417266187,1919.0,0.08232336263844137,0.08317730402603785
R11038,Wholesale Rice & Bags,Wholesale,active,0.16506717850287908,2096.009592326139,1919.0,0.08345708336713015,0.08431259541084257
R11039,Wholesale Rice & Bags,Wholesale,active,0.09980806142034548,1301.4724220623502,1919.0,0.46539629387325554,0.4655979352905664
R11040,Wholesale Rice & Bags,Wholesale,active,0.09788867562380038,1301.4340527577938,1919.0,0.4656979816897381,0.46148933023039335
R11041,Wholesale Rice & Bags,Wholesale,active,0.19001919385796545,964.494004796163,1919.0,0.049912169886605066,0.056439441928727324
R11042,Wholesale Rice & Bags,Wholesale,active,0.12523992322456814,1150.589928057554,1919.0,0.31296637057640225,0.31354101094867953
R11043,Wholesale Rice & Bags,Wholesale,active,0.15690978886756238,842.378896882494,1919.0,0.07923400519882484,0.08004551963200135
R11044,Wholesale Rice & Bags,Wholesale,active,0.021593090211132437,201.18465227817745,1919.0,0.04026984979445387,0.017013724183859723
R11045,Wholesale Rice & Bags,Wholesale,active,0.0023992322456813818,788.589928057554,1919.0,0.4242770790584093,0.42427707905841
R11046,Wholesale Rice & Bags,Wholesale,active,0.0019193857965451055,1081.5803357314148,1919.0,0.7190018738477106,0.7190018738477163
R11047,Wholesale Rice & Bags,Wholesale,active,0.0009596928982725527,33.17505995203837,1919.0,0.7657851713578254,0.7861488728470383
R11048,Wholesale Rice & Bags,Wholesale,active,0.0,16.0,1919.0,,
R11049,Wholesale Rice & Bags,Wholesale,active,0.0004798464491362764,11.0,1919.0,,0.7657851713578268
R11050,Wholesale Rice & Bags,Wholesale,active,0.0004798464491362764,250.0,1834.0,,0.0034333748034945
R11051,Wholesale Rice & Bags,Wholesale,active,0.0004798464491362764,29.933333333333334,1834.0,0.0034333748034968184,0.003433374803498389
R11052,Wholesale Rice & Bags,Wholesale,active,0.0,200.0,1834.0,,
R11053,Wholesale Rice & Bags,Wholesale,active,0.060460652591170824,9616.570743405277,812.0,0.8604749929778348,0.7996918139808656
R11054,Wholesale Rice & Bags,Wholesale,active,0.03694817658349328,9569.208633093525,428.0,0.4225714655977644,0.5170695308107123
R12001,Wholesale Rice to Retailers,Wholesale,active,0.003838771593090211,3254.9400479616306,1912.0,0.2917242308300583,0.2823694921218789
R12002,Wholesale Rice to Retailers,Wholesale,active,0.003838771593090211,3111.3429256594723,1912.0,0.33453592370120866,0.3196681612667959
R12003,Wholesale Rice to Retailers,Wholesale,active,0.009117082533589251,1949.0551558752998,1912.0,0.5831186039644848,0.540881526543498
R12004,Wholesale Rice to Retailers,Wholesale,active,0.008637236084452975,1842.1438848920864,1912.0,0.6338894036193636,0.6338894036193609
R12005,Wholesale Rice to Retailers,Wholesale,active,0.009596928982725527,1823.6258992805756,1912.0,0.5431601136705122,0.5433055065725315
R12006,Wholesale Rice to Retailers,Wholesale,active,0.009117082533589251,1729.5971223021584,1912.0,0.6123974167901375,0.6123974167901374
R12007,Wholesale Rice to Retailers,Wholesale,active,0.005758157389635317,3302.2062350119904,1912.0,0.6423029094271381,0.5853185237677073
R12008,Wholesale Rice to Retailers,Wholesale,active,0.00527831094049904,2845.803357314149,1912.0,0.7030273553670273,0.6423029094271367
R12009,Wholesale Rice to Retailers,Wholesale,active,0.00527831094049904,2945.2134292565947,1912.0,0.4660360611134804,0.34268584893328324
R12010,Wholesale Rice to Retailers,Wholesale,active,0.00527831094049904,2650.441247002398,1912.0,0.42628741110334994,0.44629687642815136
R13001,Retail Rice,Retail,active,0.0019193857965451055,490.5419664268585,1908.0,0.6512404710129863,0.42678102247118455
R13002,Retail Rice,Retail,empty,,,,,
R13003,Retail Rice,Retail,active,0.0033589251439539347,389.96163069544366,1908.0,0.4466104763923817,0.5566595755168213
R13004,Retail Rice,Retail,active,0.0033589251439539347,339.3860911270983,1908.0,0.513189944547931,0.8770373868918051
R13005,Retail Rice,Retail,active,0.0023992322456813818,322.6139088729017,1908.0,0.47917956289331126,0.49000344663434603
R13006,Retail Rice,Retail,active,0.0028790786948176585,302.27338129496405,1908.0,0.4704512598298303,0.4911119232522104
R13007,Retail Rice,Retail,active,0.0028790786948176585,623.6690647482014,1908.0,0.30254191968927924,0.40679713939202455
R13008,Retail Rice,Retail,active,0.0033589251439539347,557.5707434052758,1908.0,0.21306646006138963,0.37115540618767207
R13009,Retail Rice,Retail,active,0.0033589251439539347,497.2517985611511,1908.0,0.3484181332247476,0.2262453532939206
R13010,Retail Rice,Retail,active,0.0028790786948176585,424.88009592326136,1908.0,0.5645337128825231,0.4076317909693741
W11001,Meat & Poultry,Wholesale,active,0.04318618042226487,2632.517985611511,1049.0,0.12469987388502929,0.12469987388502929
W11002,Meat & Poultry,Wholesale,active,0.06669865642994242,2217.170263788969,1919.0,0.046100343033149326,0.04642455635339169
W11003,Meat & Poultry,Wholesale,active,0.08973128598848369,73.421103117506,1919.0,0.08469466275301213,0.08332483004011887
W11004,Meat & Poultry,Wholesale,active,0.08973128598848369,74.41774580335732,2016.0,0.08129761123227769,0.08011595299814717
W11005,Meat & Poultry,Wholesale,active,0.0935700575815739,88.69640287769784,1919.0,0.10527654300265338,0.10527654300265327
W11006,Meat & Poultry,Wholesale,active,0.0935700575815739,89.69640287769784,1919.0,0.10527654300265327,0.10595805301797145
W11007,Meat & Poultry,Wholesale,active,0.0916506717850288,139.44076738609112,1919.0,0.08395207049981307,0.08485329448808066
W11008,Meat & Poultry,Wholesale,active,0.09117082533589252,135.45323741007195,1919.0,0.08397958794115595,0.08397958794115612
W11009,Meat & Poultry,Wholesale,active,0.09021113243761997,124.50263788968824,1919.0,0.07906727874870184,0.06612900258268205
W11010,Meat & Poultry,Wholesale,active,0.09069097888675624,122.51990407673861,1919.0,0.078988594867203,0.0632767817982622
W11011,Meat & Poultry,Wholesale,active,0.08781190019193857,150.96498800959233,1919.0,0.07174776208503164,0.07178037344790983
W11012,Meat & Poultry,Wholesale,active,0.008637236084452975,57.10599520383693,1919.0,0.5770574063720939,0.5667067205771548
W11013,Meat & Poultry,Wholesale,active,0.0,35.0,677.0,,
W11014,Meat & Poultry,Wholesale,active,0.0,20.0,677.0,,
W11015,Meat & Poultry,Wholesale,active,0.007677543186180422,24.223021582733814,1919.0,0.04293191482668709,0.04293191482668523
W11016,Meat & Poultry,Wholesale,active,0.02783109404990403,12.24652278177458,1919.0,0.08875237046703721,0.08804823520586513
W11017,Meat & Poultry,Wholesale,active,0.02783109404990403,13.24652278177458,1919.0,0.08875237046703877,0.08875237046703749
W11018,Meat & Poultry,Wholesale,active,0.04366602687140115,36.17122302158273,2016.0,0.08800275507068916,0.11239009816005413
W11019,Meat & Poultry,Wholesale,active,0.04558541266794626,36.56163069544365,1919.0,0.035315461209508514,0.07341088232218805
W11020,Meat & Poultry,Wholesale,active,0.03166986564299424,50.80959232613909,1919.0,0.6099386646523581,0.5392031498923603
W11021,Meat & Poultry,Wholesale,active,0.025911708253358926,4.0269064748201435,1919.0,0.6117669506532548,0.690403692394943
W11022,Meat & Poultry,Wholesale,active,0.02111324376199616,4.6219664268585126,1919.0,0.6169660174854437,0.6170141096755869
W11023,Meat & Poultry,Wholesale,active,0.02111324376199616,4.321966426858513,1919.0,0.6169660174854198,0.6153228836048498
W11024,Meat & Poultry,Wholesale,active,0.02015355086372361,4.119952038369304,1919.0,0.5949851137841761,0.5942826804977784
W11025,Meat & Poultry,Wholesale,active,0.00527831094049904,4.926378896882494,1919.0,0.8441836429190176,0.8100379500913957
W11026,Meat & Poultry,Wholesale,active,0.00527831094049904,4.626378896882494,1919.0,0.8441836429190155,0.844183642919015
W11027,Meat & Poultry,Wholesale,active,0.03886756238003839,3.131750599520384,1919.0,0.15523902774791515,0.15657640138441614
W11028,Meat & Poultry,Wholesale,active,0.0427063339731286,3.8321342925659474,1919.0,0.16566212724838036,0.16478691442200144
W11029,Meat & Poultry,Wholesale,active,0.04126679462571977,3.6052757793764987,1919.0,0.17981665788665346,0.16766235836732524
W11030,Meat & Poultry,Wholesale,active,0.04126679462571977,3.404268585131894,1919.0,0.15433237189465399,0.16359296612925467
W11031,Meat & Poultry,Wholesale,active,0.041746641074856046,3.184268585131895,1919.0,0.1020563809233479,0.1685937825523809
W11032,Meat & Poultry,Wholesale,active,0.040786948176583494,2.984940047961631,1919.0,0.09262313526749055,0.10588268943929385
W11033,Meat & Poultry,Wholesale,active,0.04126679462571977,2.7839328537170265,1919.0,0.10408071753343728,0.11403977867192705
W11034,Meat & Poultry,Wholesale,empty,,,,,
W11035,Meat & Poultry,Wholesale,empty,,,,,
W11036,Meat & Poultry,Wholesale,empty,,,,,
W11037,Meat & Poultry,Wholesale,empty,,,,,
W11038,Meat & Poultry,Wholesale,empty,,,,,
W11039,Meat & Poultry,Wholesale,empty,,,,,
W11040,Meat & Poultry,Wholesale,empty,,,,,
W11041,Meat & Poultry,Wholesale,empty,,,,,
W11042,Meat & Poultry,Wholesale,active,0.07005758157389635,63.80623501199041,1917.0,0.7499139450463957,0.7636087563697818
W11043,Meat & Poultry,Wholesale,active,0.0690978886756238,59.763069544364505,1917.0,0.6166621562111607,0.5974170100441746
W11044,Meat & Poultry,Wholesale,active,0.0873320537428023,56.2167865707434,1917.0,0.13839290170902258,0.10179014868930342
W11045,Meat & Poultry,Wholesale,active,0.06957773512476008,76.79040767386091,1917.0,0.04268857863663574,0.0347722179344198
W11046,Meat & Poultry,Wholesale,active,0.0671785028790787,65.12853717026378,1917.0,0.039413963410692594,0.11461037297137866
W11047,Meat & Poultry,Wholesale,active,0.030230326295585412,50.082014388489206,1917.0,0.07231806976918986,0.08818908618638538
W11048,Meat & Poultry,Wholesale,active,0.023032629558541268,40.61390887290168,1917.0,0.14843333940839792,0.14443634662086335
W11049,Meat & Poultry,Wholesale,active,0.06381957773512476,73.68824940047962,1917.0,0.047062627886923655,0.13954604980249696
W11050,Meat & Poultry,Wholesale,active,0.05662188099808062,15.716067146282974,1917.0,0.026089763822411516,0.05506880735181656
W11051,Meat & Poultry,Wholesale,active,0.0019193857965451055,204.18705035971223,1912.0,0.8431876793554717,0.6501287458072118
W11052,Meat & Poultry,Wholesale,active,0.0019193857965451055,205.90407673860912,1912.0,0.6501287458072078,0.6501287458072078
W11053,Meat & Poultry,Wholesale,active,0.0014395393474088292,232.94484412470024,1912.0,0.7602144760662476,0.8651545854086591
W11054,Meat & Poultry,Wholesale,active,0.0019193857965451055,190.88249400479617,1912.0,0.5797235251477677,0.5797235251477721
W11055,Meat & Poultry,Wholesale,active,0.0019193857965451055,185.92805755395685,1912.0,0.6520300922785605,0.6520300922785589
W11056,Meat & Poultry,Wholesale,active,0.04030710172744722,62.74436450839328,934.0,1.510161852243545e-06,1.7467047126443455e-05
W11057,Meat & Poultry,Wholesale,active,0.0508637236084453,36.69011510791367,935.0,0.8119891150583689,0.8152436425527578
W11058,Meat & Poultry,Wholesale,active,0.04366602687140115,31.529357314148676,852.0,0.6160172218393725,0.634876249879863
W11059,Meat & Poultry,Wholesale,active,0.0014395393474088292,181.74100719424462,802.0,0.9900101834181886,0.9881285935005003
W11060,Meat & Poultry,Wholesale,active,0.0014395393474088292,202.08153477218227,802.0,0.9581559561535873,0.9825279304068417
W11061,Meat & Poultry,Wholesale,active,0.0014395393474088292,232.78177458033574,802.0,0.9825279304068419,0.9825279304068418
W11062,Meat & Poultry,Wholesale,active,0.0014395393474088292,262.7817745803357,802.0,0.9825279304068417,0.9825279304068415
W12001,Aquatic & Marine,Wholesale,active,0.08589251439539347,178.00959232613909,1450.0,0.00011601717616796438,0.00011601717616796438
W12002,Aquatic & Marine,Wholesale,active,0.08781190019193857,164.9832134292566,1450.0,4.581093309667752e-05,4.581093309667752e-05
W12003,Aquatic & Marine,Wholesale,active,0.15786948176583493,148.0359712230216,1891.0,1.0935329658936652e-05,1.2213349653635946e-05
W12004,Aquatic & Marine,Wholesale,active,0.1952975047984645,140.19424460431654,1891.0,5.887173507154018e-06,5.887173507154018e-06
W12005,Aquatic & Marine,Wholesale,active,0.18761996161228406,129.95203836930455,1891.0,1.3072559827819243e-07,1.171712057494707e-07
W12006,Aquatic & Marine,Wholesale,empty,,,,,
W12007,Aquatic & Marine,Wholesale,empty,,,,,
W12008,Aquatic & Marine,Wholesale,active,0.0,402.0143884892086,1902.0,7.695086922869913e-09,
W12009,Aquatic & Marine,Wholesale,active,0.008157389635316698,149.0359712230216,1902.0,0.10218836742354903,0.013599066319904506
W12010,Aquatic & Marine,Wholesale,active,0.0067178502879078695,173.82254196642685,1902.0,0.568269732377717,0.05528703712458198
W12011,Aquatic & Marine,Wholesale,active,0.007197696737044146,110.19184652278177,1902.0,0.00511880609368569,0.030861362442807044
W12012,Aquatic & Marine,Wholesale,active,0.022552783109404992,42.280575539568346,1902.0,0.11196642404883028,0.33496127285216065
W12013,Aquatic & Marine,Wholesale,active,0.01583493282149712,34.37649880095923,1902.0,0.00027491947283875864,0.038540987142238664
W12014,Aquatic & Marine,Wholesale,active,0.0067178502879078695,80.35971223021583,1902.0,2.2711437155238495e-05,0.006979253112523357
W12015,Aquatic & Marine,Wholesale,active,0.005758157389635317,110.94964028776978,1902.0,0.030702220817453933,0.015028011384877799
W12016,Aquatic & Marine,Wholesale,active,0.00527831094049904,59.13669064748201,1901.0,0.3624439629353562,0.8376918189450069
W12017,Aquatic & Marine,Wholesale,active,0.0023992322456813818,43.71462829736211,1901.0,0.004968658462274486,0.3460366157048481
W12018,Aquatic & Marine,Wholesale,active,0.003838771593090211,33.83453237410072,1901.0,0.0005882099052438569,0.14245576670947557
W12019,Aquatic & Marine,Wholesale,active,0.012476007677543186,72.56834532374101,1902.0,0.004974232764882337,0.018253804639630947
W12020,Aquatic & Marine,Wholesale,active,0.0,20.700239808153476,814.0,0.9096334101160941,
W12021,Aquatic & Marine,Wholesale,active,0.0023992322456813818,104.77218225419664,457.0,0.39867144615661254,0.2956225328433721
W13001,Fresh Vegetables,Wholesale,active,0.18186180422264875,18.437410071942445,1921.0,3.059340800731488e-10,5.917377880267326e-11
W13002,Fresh Vegetables,Wholesale,active,0.21449136276391556,16.373621103117507,1921.0,1.0684636380835045e-16,2.1736939456374358e-16
W13003,Fresh Vegetables,Wholesale,active,0.1890595009596929,13.411031175059952,1921.0,3.24549511522347e-15,3.910660903366998e-15
W13004,Fresh Vegetables,Wholesale,active,0.272552783109405,31.79760191846523,1921.0,2.005541850907273e-12,4.436690925493398e-12
W13005,Fresh Vegetables,Wholesale,active,0.09980806142034548,17.461390887290168,1921.0,1.0489422029237132e-07,2.69054837249953e-07
W13006,Fresh Vegetables,Wholesale,active,0.07581573896353166,14.789448441247002,1921.0,4.123016416827291e-05,0.0007467088551556307
W13007,Fresh Vegetables,Wholesale,active,0.07053742802303263,25.814388489208632,1921.0,3.112426551634519e-05,4.04527221576167e-06
W13008,Fresh Vegetables,Wholesale,active,0.12236084452975048,22.062829736211032,1921.0,9.117292733614042e-08,1.6069828321956806e-05
W13009,Fresh Vegetables,Wholesale,active,0.14731285988483686,24.58033573141487,1921.0,3.499510336427051e-06,0.00016496717822789758
W13010,Fresh Vegetables,Wholesale,active,0.12523992322456814,20.655635491606713,1921.0,1.3810269840576904e-06,1.236447432919733e-06
W13011,Fresh Vegetables,Wholesale,active,0.1300383877159309,17.24892086330935,1921.0,3.452669453418493e-11,2.1179977145362082e-11
W13012,Fresh Vegetables,Wholesale,active,0.30230326295585414,33.10791366906475,1921.0,2.6027157228637616e-10,1.3419306452000095e-10
W13013,Fresh Vegetables,Wholesale,active,0.10796545105566219,14.870503597122303,1921.0,5.119357180777673e-07,4.9233468301944e-05
W13014,Fresh Vegetables,Wholesale,active,0.024472168905950095,8.798561151079136,1921.0,0.00011115380625483835,0.001249332660836064
W13015,Fresh Vegetables,Wholesale,active,0.05518234165067178,13.383213429256594,1921.0,4.143940913489804e-06,7.401976628365223e-07
W13016,Fresh Vegetables,Wholesale,active,0.0446257197696737,121.20863309352518,1921.0,0.00011217239219684708,0.00017275339874506953
W13017,Fresh Vegetables,Wholesale,active,0.01871401151631478,33.22446043165468,1921.0,0.009843703868987776,0.06365888385040705
W13018,Fresh Vegetables,Wholesale,active,0.3728406909788868,84.08393285371703,1921.0,4.706303582922862e-08,3.1154399615202287e-08
W13019,Fresh Vegetables,Wholesale,active,0.23944337811900193,54.42925659472422,1921.0,1.4603947814737765e-06,3.4251248331172736e-06
W13020,Fresh Vegetables,Wholesale,active,0.07389635316698656,39.25419664268585,1921.0,3.759454030845786e-09,6.798534744147751e-08
W13021,Fresh Vegetables,Wholesale,active,0.0974088291746641,42.18705035971223,1921.0,7.287138533132765e-06,0.00016881413121849095
W13022,Fresh Vegetables,Wholesale,active,0.30758157389635316,62.26139088729017,1921.0,1.203489693243656e-07,7.143923655375967e-08
W13023,Fresh Vegetables,Wholesale,active,0.025911708253358926,15.545323741007195,1921.0,0.005678143900346883,0.013579296223774961
W13024,Fresh Vegetables,Wholesale,active,0.07197696737044146,71.70743405275779,1917.0,1.8021331372109476e-07,2.0013041656960956e-08
W13025,Fresh Vegetables,Wholesale,active,0.07197696737044146,2.2265227817745803,1917.0,2.6857705702241143e-06,5.830660902998692e-07
W13026,Fresh Vegetables,Wholesale,active,0.06573896353166987,1.4045083932853717,1917.0,1.0609343072486117e-06,7.744590622821287e-07
W13027,Fresh Vegetables,Wholesale,active,0.03262955854126679,45.117505995203835,1917.0,0.0009387524879705933,0.0006634881356763737
W13028,Fresh Vegetables,Wholesale,active,0.01871401151631478,44.853717026378895,1917.0,0.031429511398235924,0.0285500468511693
W13029,Fresh Vegetables,Wholesale,active,0.02495201535508637,72.8968824940048,1067.0,0.6283281251813361,0.5347606197799261
W13030,Fresh Vegetables,Wholesale,active,0.021593090211132437,132.326139088729,948.0,0.07554691306663248,0.033780518163807075
W13031,Fresh Vegetables,Wholesale,active,0.025911708253358926,10.758273381294964,948.0,1.439754669219245e-05,4.431080217038634e-05
W14001,Fruits,Wholesale,active,0.07149712092130518,36.37841726618705,1909.0,2.0041753973865264e-06,1.0868992833807919e-05
W14002,Fruits,Wholesale,active,0.07341650671785029,46.32805755395683,1909.0,8.80355512904239e-06,1.7562167362620611e-06
W14003,Fruits,Wholesale,active,0.07389635316698656,57.2589928057554,1909.0,3.4937218361794546e-06,1.5334124686910664e-06
W14004,Fruits,Wholesale,active,0.0014395393474088292,41.99040767386091,454.0,0.1609687671759017,0.1609687671759023
W14005,Fruits,Wholesale,active,0.0014395393474088292,31.41007194244604,454.0,0.2725594742650206,0.018131936366741628
W14006,Fruits,Wholesale,active,0.008637236084452975,19.12326139088729,1909.0,0.007264575796750111,0.33499375370804974
W14007,Fruits,Wholesale,active,0.012476007677543186,17.451318944844125,1909.0,0.020377439262847092,0.01794740251251348
W14008,Fruits,Wholesale,active,0.00527831094049904,7.288268585131894,482.0,0.0003540088136146906,9.649233858886541e-05
W14009,Fruits,Wholesale,active,0.027351247600767754,27.400479616306953,1909.0,0.0013568697712356217,0.004576225996494417
W14010,Fruits,Wholesale,active,0.021593090211132437,35.618705035971225,1909.0,0.032318252940956416,0.03939897303955672
W14011,Fruits,Wholesale,active,0.021593090211132437,24.41726618705036,1909.0,0.01212658281097576,0.035462188561438346
W14012,Fruits,Wholesale,active,0.0345489443378119,18.298800959232615,1909.0,3.083062675580387e-08,1.920867924184152e-06
W14013,Fruits,Wholesale,active,0.03550863723608445,27.622062350119904,1909.0,1.230138589714305e-06,7.361493219742796e-06
W14014,Fruits,Wholesale,active,0.010076775431861805,21.964028776978417,1909.0,0.7525374548445918,0.8981962310036962
W14015,Fruits,Wholesale,active,0.009117082533589251,18.103117505995204,1909.0,0.7247895840591334,0.7818775915680085
W14016,Fruits,Wholesale,active,0.010076775431861805,15.082014388489208,1909.0,0.3830993375934006,0.46284619223827883
W14017,Fruits,Wholesale,empty,,,,,
W14018,Fruits,Wholesale,empty,,,,,
W14019,Fruits,Wholesale,active,0.03838771593090211,36.46666666666667,1209.0,0.00015327155493996764,0.000366546090832173
W14020,Fruits,Wholesale,active,0.024472168905950095,81.75539568345324,1145.0,0.0008909942268806901,0.002960945296929016
W14021,Fruits,Wholesale,active,0.03934740882917467,113.4052757793765,1342.0,0.0018425400184764588,0.0006515840783766679
W14022,Fruits,Wholesale,active,0.03886756238003839,33.68920863309353,1101.0,7.254088493594067e-05,2.5444481405405945e-05
W14023,Fruits,Wholesale,empty,,,,,
W14024,Fruits,Wholesale,active,0.05854126679462572,57.247002398081534,1785.0,0.00019065909641181801,0.0003862973251923561
W14025,Fruits,Wholesale,active,0.05710172744721689,44.750599520383695,1785.0,0.0002950686069182916,0.006795959624027373
W14026,Fruits,Wholesale,active,0.0345489443378119,45.48201438848921,1413.0,0.00026794542116683156,0.00029106713760777527
W14027,Fruits,Wholesale,active,0.033109404990403074,33.39328537170264,1413.0,0.0006191557277640575,0.0005319612949454471
W14028,Fruits,Wholesale,active,0.0023992322456813818,28.587529976019184,602.0,0.2792147638137046,0.4633310848913721
W14029,Fruits,Wholesale,active,0.01055662188099808,60.10071942446043,751.0,0.07419863810313344,0.07609493973153085
W14030,Fruits,Wholesale,active,0.02831094049904031,39.124700239808156,1049.0,0.00015791395738019718,0.0006280601468310658
W14031,Fruits,Wholesale,empty,,,,,
W14032,Fruits,Wholesale,active,0.015355086372360844,39.70263788968825,1040.0,4.025861221422193e-05,0.0001905823802868438
W14033,Fruits,Wholesale,active,0.03886756238003839,27.09928057553957,1908.0,0.00026355642175568584,0.0002782878694592586
W14034,Fruits,Wholesale,active,0.03262955854126679,80.19664268585132,1479.0,0.0036632684078290244,0.0009985222128509014
W14035,Fruits,Wholesale,active,0.026391554702495202,67.5779376498801,1464.0,0.0012579239726226697,0.004651315558423043
W14036,Fruits,Wholesale,active,0.023032629558541268,34.55635491606714,1464.0,0.00016797240874498573,0.0002552475467228938
W15001,Food Crops,Wholesale,active,0.02783109404990403,81.9400479616307,1912.0,0.3268628392378563,0.32047779353111455
W15002,Food Crops,Wholesale,active,0.026871401151631478,73.39616306954436,1825.0,0.19018827810058236,0.2511501863512723
W15003,Food Crops,Wholesale,active,0.025911708253358926,65.65611510791366,1825.0,0.19981126302746333,0.20186432107519509
W15004,Food Crops,Wholesale,empty,,,,,
W15005,Food Crops,Wholesale,empty,,,,,
W15006,Food Crops,Wholesale,empty,,,,,
W15007,Food Crops,Wholesale,active,0.02543186180422265,81.59088729016787,1912.0,0.30514363416592627,0.3008779827503414
W15008,Food Crops,Wholesale,active,0.02495201535508637,75.16546762589928,1825.0,0.1258031340851063,0.13019627570438963
W15009,Food Crops,Wholesale,active,0.024472168905950095,74.46282973621103,1825.0,0.027845534623230177,0.02351313102972048
W15010,Food Crops,Wholesale,active,0.03934740882917467,55.124700239808156,1912.0,0.00048728879740787324,0.0003166835787854405
W15011,Food Crops,Wholesale,active,0.03694817658349328,46.68824940047961,1825.0,0.0002999661884304619,0.0003256103075428359
W15012,Food Crops,Wholesale,active,0.036468330134357005,37.600479616306956,1825.0,0.0001715582578975221,0.0001377150619564231
W15013,Food Crops,Wholesale,active,0.03886756238003839,61.15347721822542,1912.0,0.0005425221711675543,0.0004496003668406337
W15014,Food Crops,Wholesale,active,0.03598848368522073,51.973141486810555,1825.0,0.000391150543356873,0.0003847170591673724
W15015,Food Crops,Wholesale,active,0.03598848368522073,41.95443645083933,1825.0,0.0002463908370091044,0.00024393244194156747
W15016,Food Crops,Wholesale,active,0.021593090211132437,38.07434052757794,1307.0,7.349059371672101e-05,3.9745082655845886e-05
W15017,Food Crops,Wholesale,active,0.02111324376199616,30.584652278177458,1300.0,1.1365198047539889e-05,1.1655191871352768e-05
W15018,Food Crops,Wholesale,active,0.020633397312859885,22.734292565947243,1300.0,6.514063118109512e-06,7.588603972510103e-06
W15019,Food Crops,Wholesale,active,0.022552783109404992,43.44364508393286,1307.0,0.00017112828298276726,0.00013405719424016132
W15020,Food Crops,Wholesale,active,0.022072936660268713,35.34244604316547,1300.0,4.1904814829468266e-05,4.955104093569753e-05
W15021,Food Crops,Wholesale,active,0.022072936660268713,25.51558752997602,1300.0,0.00010395468014983562,0.00010658767253305708
W15022,Food Crops,Wholesale,empty,,,,,
W15023,Food Crops,Wholesale,empty,,,,,
W15024,Food Crops,Wholesale,active,0.008157389635316698,19.23453237410072,1263.0,0.07531969862366535,0.3009151527355396
W15025,Food Crops,Wholesale,active,0.007677543186180422,16.19664268585132,1263.0,0.08850232580199113,0.08466525926167201
W15026,Food Crops,Wholesale,active,0.0047984644913627635,17.45083932853717,493.0,0.09142065923891679,0.09142065923891657
W15027,Food Crops,Wholesale,active,0.0047984644913627635,16.2757793764988,493.0,0.07345282032927149,0.07345282032927233
W15028,Food Crops,Wholesale,active,0.004318618042226488,24.762589928057555,1632.0,0.43943718817077293,0.5701921517846256
W15029,Food Crops,Wholesale,active,0.0047984644913627635,23.65515587529976,1632.0,0.4963574824970828,0.560181584464633
W15030,Food Crops,Wholesale,active,0.011036468330134356,26.073860911270984,1912.0,0.1299692308854135,0.3271614945067032
W15031,Food Crops,Wholesale,active,0.011516314779270634,23.72134292565947,1912.0,0.15459290482949556,0.3409255154198731
W15032,Food Crops,Wholesale,active,0.010076775431861805,20.65707434052758,1912.0,0.26822934033799706,0.3744680316397171
W15033,Food Crops,Wholesale,active,0.011036468330134356,59.097841726618704,1912.0,0.13573916020936788,0.094280051306942
W15034,Food Crops,Wholesale,active,0.011516314779270634,31.640767386091127,1912.0,0.22710301660547455,0.22604161343252788
W15035,Food Crops,Wholesale,active,0.017754318618042227,220.41726618705036,1912.0,0.29483499978717176,0.32924099809112906
W15036,Food Crops,Wholesale,empty,,,,,
W15037,Food Crops,Wholesale,active,0.003838771593090211,66.93285371702638,1912.0,0.5019954955338002,0.6394634126159628
W15038,Food Crops,Wholesale,active,0.004318618042226488,337.7458033573142,1912.0,0.30708675991577183,0.2930722404592829
W15039,Food Crops,Wholesale,active,0.004318618042226488,237.94244604316546,1912.0,0.3089215354302113,0.30892153543021084
W15040,Food Crops,Wholesale,active,0.0,310.0,772.0,,
W15041,Food Crops,Wholesale,active,0.013915547024952015,210.54196642685852,1912.0,0.2943466211236786,0.27819457658757907
W15042,Food Crops,Wholesale,active,0.013435700575815739,164.6378896882494,1912.0,0.295167201206958,0.2951672012069588
W15043,Food Crops,Wholesale,active,0.005758157389635317,67.03932853717026,637.0,0.5788384601876027,0.40989686746690945
W15044,Food Crops,Wholesale,active,0.004318618042226488,63.569304556354915,550.0,0.661335997484861,0.6346918785771448
W15045,Food Crops,Wholesale,active,0.0033589251439539347,55.023501199040766,550.0,0.5498614850330358,0.5422787194066306
W15046,Miscellaneous / Unknown,Unknown,empty,,,,,
W15047,Food Crops,Wholesale,active,0.0,20.0,401.0,,
W15048,Food Crops,Wholesale,active,0.0,15.0,401.0,,
W15049,Miscellaneous / Unknown,Unknown,empty,,,,,
W15050,Miscellaneous / Unknown,Unknown,empty,,,,,
W16001,Field Crops,Wholesale,active,0.0974088291746641,7.007093525179856,1924.0,0.5616049708055385,0.41890405867493463
W16002,Field Crops,Wholesale,active,0.07197696737044146,7.030081534772182,1924.0,0.5931199965889741,0.4974434858412516
W16003,Field Crops,Wholesale,active,0.08781190019193857,15.135395683453238,1924.0,0.2910469174525073,0.2627605783357859
W16004,Field Crops,Wholesale,active,0.0671785028790787,236.97170263788968,1924.0,0.19049289348873732,0.19961189220147402
W16005,Field Crops,Wholesale,active,0.7423224568138196,7.8611079136690645,1924.0,0.3668364964146879,0.39537213774735125
W16006,Field Crops,Wholesale,active,0.07005758157389635,476.9040767386091,1924.0,0.11447714435787171,0.0904007987180801
W16007,Field Crops,Wholesale,active,0.8248560460652591,15.827846522781773,1924.0,0.45899452777445104,0.45604034402489346
W16008,Field Crops,Wholesale,empty,,,,,
W16009,Field Crops,Wholesale,empty,,,,,
W16010,Field Crops,Wholesale,active,0.0,22.0,227.0,,
W16011,Field Crops,Wholesale,active,0.0,8.930000000000001,940.0,,
W16012,Field Crops,Wholesale,active,0.0,9.14,940.0,,
W16013,Field Crops,Wholesale,empty,,,,,
W16014,Field Crops,Wholesale,active,0.0009596928982725527,26.503117505995203,1921.0,0.0034373319844829154,0.003483671124723803
W16015,Field Crops,Wholesale,active,0.0004798464491362764,28.480575539568346,1921.0,0.003995478519139934,0.04351511705471863
W16016,Field Crops,Wholesale,active,0.16554702495201534,9.744964028776979,1070.0,0.5276601260654454,0.49974018204361503
W16017,Field Crops,Wholesale,active,0.33877159309021115,10.275223021582734,1840.0,0.18766590032213004,0.2110528050606837
W16018,Field Crops,Wholesale,active,0.0,8.330000000000002,642.0,,
W16019,Field Crops,Wholesale,active,0.0,9.5,763.0,,
W16020,Field Crops,Wholesale,active,0.003838771593090211,41.59568345323741,1921.0,0.13171476978892627,0.05619191828816825
W16021,Field Crops,Wholesale,active,0.003838771593090211,32.434052757793765,1921.0,0.152388827127868,0.36057735999215856
W16022,Field Crops,Wholesale,active,0.0028790786948176585,46.86235011990408,1921.0,0.9632322973556982,0.98837737029012
W16023,Field Crops,Wholesale,active,0.46641074856046066,51.68937649880096,1910.0,0.1942861301544591,0.1942861301544591
W16024,Field Crops,Wholesale,active,0.6765834932821497,51.84194244604316,1904.0,0.17783829183286415,0.1755377610380472
W16025,Field Crops,Wholesale,active,0.738003838771593,51.92456115107913,1906.0,0.11155779188378057,0.11155779188378057
W16026,Field Crops,Wholesale,active,0.7336852207293666,54.21369304556355,1689.0,0.1833983487898102,0.1833983487898102
W16027,Field Crops,Wholesale,active,0.5834932821497121,53.76922302158273,1385.0,0.3117550949004668,0.31177803815603916
W16028,Field Crops,Wholesale,active,0.5585412667946257,53.99031175059952,1367.0,0.26772290506683777,0.26903562462110786
W16029,Field Crops,Wholesale,active,0.6641074856046065,43.3741726618705,1900.0,0.4475204379010898,0.44791018936400884
W16030,Field Crops,Wholesale,active,0.7667946257197696,63.08336211031175,1908.0,0.26497657581391887,0.26482348447770665
W16031,Field Crops,Wholesale,active,0.07149712092130518,2.5006954436450837,1925.0,0.6481288260830764,0.5549450946830906
W16032,Field Crops,Wholesale,empty,,,,,
W16033,Field Crops,Wholesale,active,0.7087332053742802,56.41998561151079,1630.0,0.2601914349706589,0.2597717924451093
W16034,Field Crops,Wholesale,active,0.5307101727447217,44.504110311750594,1822.0,0.4691151744609616,0.4691151744609616
W16035,Field Crops,Wholesale,active,0.09884836852207293,9.438561151079137,1436.0,0.3044092619265101,0.3400761901561007
W16036,Field Crops,Wholesale,active,0.4990403071017274,53.442628297362106,1579.0,0.058926322842891156,0.058926322842891156
W16037,Field Crops,Wholesale,active,0.8157389635316699,6.2630359712230215,1874.0,0.49218607963798683,0.493372596964737
W16038,Field Crops,Wholesale,active,0.8421305182341651,7.459702637889688,1874.0,0.16979305847659987,0.17003833506927962
W16039,Field Crops,Wholesale,active,0.30326295585412666,12.305755395683452,767.0,0.9716793255245613,0.9716793255245613
W16040,Field Crops,Wholesale,active,0.2653550863723608,11.986047961630698,632.0,0.354365880234948,0.354365880234948
W16041,Field Crops,Wholesale,active,0.014395393474088292,4.957889688249401,500.0,0.011601008857874993,0.031678324869080926
W16042,Field Crops,Wholesale,active,0.11084452975047984,7.124076738609113,1905.0,0.10548999601365239,0.11605335644560505
W16044,Field Crops,Wholesale,active,0.3920345489443378,6130.363069544364,2297.0,0.5636301475855605,0.5636301475855605
W16045,Field Crops,Wholesale,active,0.14299424184261036,10.798868105515588,962.0,0.074756484794147,0.17545495025008584
W17001,Feed & Raw Materials,Wholesale,active,0.027351247600767754,35.14676258992806,1914.0,0.3047145097649869,0.3047145097649869
W17002,Feed & Raw Materials,Wholesale,active,0.025911708253358926,32.08009592326139,1914.0,0.40629005488626846,0.40629005488626846
W17003,Feed & Raw Materials,Wholesale,active,0.025911708253358926,32.92757793764988,1914.0,0.4569395602945567,0.4569395602945567
W17004,Feed & Raw Materials,Wholesale,active,0.023512476007677544,29.688249400479616,1914.0,0.36471887227456024,0.36471887227456024
W17005,Feed & Raw Materials,Wholesale,active,0.023512476007677544,25.870983213429255,1914.0,0.5336201959286665,0.5336201959286665
W17006,Feed & Raw Materials,Wholesale,active,0.023512476007677544,24.86570743405276,1914.0,0.5311628185464865,0.5311628185464865
W17007,Feed & Raw Materials,Wholesale,active,0.022552783109404992,26.172661870503596,1914.0,0.45758114972406894,0.45758114972406894
W17008,Feed & Raw Materials,Wholesale,empty,,,,,
W17009,Feed & Raw Materials,Wholesale,empty,,,,,
W17010,Feed & Raw Materials,Wholesale,empty,,,,,
W17011,Feed & Raw Materials,Wholesale,empty,,,,,
W17012,Feed & Raw Materials,Wholesale,active,0.0609404990403071,16.78280575539568,1914.0,0.6827778619552095,0.7709717432279676
W17013,Feed & Raw Materials,Wholesale,active,0.06238003838771593,16.609736211031176,1914.0,0.8293846921380089,0.837654392797015
W17014,Feed & Raw Materials,Wholesale,active,0.0023992322456813818,24.558872901678658,416.0,0.7640107431430032,0.6892270093695931
W17015,Feed & Raw Materials,Wholesale,active,0.027351247600767754,37.14796163069544,1914.0,0.2611653169718574,0.2611653169718574
W18001,Oil Crops & Oils,Wholesale,active,0.0,36.42999999999999,229.0,,
W18002,Oil Crops & Oils,Wholesale,active,0.0,35.38999999999999,229.0,,
W18003,Oil Crops & Oils,Wholesale,active,0.0,1030.0,229.0,,
W18004,Oil Crops & Oils,Wholesale,empty,,,,,
W18005,Oil Crops & Oils,Wholesale,empty,,,,,
W18006,Oil Crops & Oils,Wholesale,empty,,,,,
W18007,Oil Crops & Oils,Wholesale,empty,,,,,
W18008,Oil Crops & Oils,Wholesale,empty,,,,,
W18009,Oil Crops & Oils,Wholesale,empty,,,,,
W18010,Oil Crops & Oils,Wholesale,empty,,,,,
W18011,Oil Crops & Oils,Wholesale,empty,,,,,
W18012,Oil Crops & Oils,Wholesale,empty,,,,,
W18013,Oil Crops & Oils,Wholesale,empty,,,,,
W18014,Oil Crops & Oils,Wholesale,empty,,,,,
W18015,Oil Crops & Oils,Wholesale,empty,,,,,
W18016,Oil Crops & Oils,Wholesale,empty,,,,,
W18017,Oil Crops & Oils,Wholesale,empty,,,,,
W18018,Oil Crops & Oils,Wholesale,empty,,,,,
W18019,Oil Crops & Oils,Wholesale,active,0.1914587332053743,7.246618705035972,1399.0,0.35300904781579956,0.37329802818910796
W18020,Oil Crops & Oils,Wholesale,active,0.47888675623800386,31.107175059952038,1921.0,0.24099415171932648,0.1607320126432672
W18021,Oil Crops & Oils,Wholesale,active,0.45297504798464494,29.69568345323741,1921.0,0.17016045300466776,0.21426657695309703
W18022,Oil Crops & Oils,Wholesale,active,0.14347408829174665,35.10906474820143,1921.0,0.5633523161090712,0.6011726138922334
W18023,Oil Crops & Oils,Wholesale,empty,,,,,
W18024,Oil Crops & Oils,Wholesale,active,0.30566218809980805,34.13357314148681,1921.0,0.22077911701222375,0.18179825952694717
W18025,Oil Crops & Oils,Wholesale,active,0.45489443378119004,31.59232613908873,1921.0,0.2250155792364089,0.18943383379052947
W18026,Oil Crops & Oils,Wholesale,active,0.05950095969289827,45.62428776978417,1921.0,0.3764802092832922,0.5965443857649525
W18027,Oil Crops & Oils,Wholesale,active,0.06765834932821498,586.5980815347722,1921.0,0.3552426072747207,0.3552426072747207
W18028,Oil Crops & Oils,Wholesale,active,0.051343570057581576,593.7553956834532,1908.0,0.4165027371756562,0.4165027371756562
W18029,Oil Crops & Oils,Wholesale,active,0.05518234165067178,598.3654676258993,1892.0,0.5380193292368993,0.5380193292368993
W18030,Oil Crops & Oils,Wholesale,active,0.049424184261036466,593.1510791366907,1908.0,0.5501266755717386,0.5501266755717386
W18031,Oil Crops & Oils,Wholesale,active,0.060460652591170824,39.25286810551559,1578.0,0.49503620178559543,0.4559537738198279
W18032,Oil Crops & Oils,Wholesale,active,0.09452975047984645,494.61007194244604,1898.0,0.42018988302273813,0.42018988302273813
W18033,Oil Crops & Oils,Wholesale,active,0.08589251439539347,494.65611510791365,1901.0,0.5511909988352616,0.5511909988352616
W18034,Oil Crops & Oils,Wholesale,active,0.08253358925143954,498.5673860911271,1917.0,0.5029365667775131,0.508692464209719
W18035,Oil Crops & Oils,Wholesale,active,0.08301343570057582,491.7064748201439,1921.0,0.2767669263067779,0.2767669263067779
W18036,Oil Crops & Oils,Wholesale,active,0.7504798464491362,3657.5930455635494,1864.0,0.29733722162898757,0.2917904004078399
W18037,Oil Crops & Oils,Wholesale,active,0.7845489443378119,28.57135731414868,1841.0,0.3803532167695779,0.39899508618105184
W18038,Oil Crops & Oils,Wholesale,active,0.7144913627639156,894.60557793765,1864.0,0.343087510362203,0.34218416666754015
W18039,Oil Crops & Oils,Wholesale,active,0.7835892514395394,29.895155875299757,1842.0,0.35521182197450846,0.4029072296420618
W18040,Oil Crops & Oils,Wholesale,active,0.7423224568138196,893.8980335731414,1865.0,0.31141431566384126,0.31255561506752594
W18041,Oil Crops & Oils,Wholesale,active,0.7850287907869482,29.880000000000003,1842.0,0.38573918531607726,0.3852122130190391
W18042,Oil Crops & Oils,Wholesale,active,0.6914587332053743,871.7143884892087,1865.0,0.3201289613038929,0.3147655055800117
W18043,Oil Crops & Oils,Wholesale,active,0.7739923224568138,29.107082014388492,1842.0,0.40110674253449,0.42687844121492335
W18044,Oil Crops & Oils,Wholesale,active,0.04798464491362764,21.457074340527576,1922.0,0.23858302497399692,0.2214384519711461
W18045,Oil Crops & Oils,Wholesale,active,0.019673704414587333,17.25851318944844,1922.0,0.9542842368830697,0.9091977934906044
W18046,Oil Crops & Oils,Wholesale,active,0.05182341650671785,32.19520383693045,1923.0,0.36151127996731464,0.3308299115186285
W18047,Oil Crops & Oils,Wholesale,active,0.023032629558541268,41.267625899280574,1922.0,0.8071817359203711,0.7966582019530608
W18048,Oil Crops & Oils,Wholesale,empty,,,,,
W18049,Oil Crops & Oils,Wholesale,empty,,,,,
W18050,Oil Crops & Oils,Wholesale,empty,,,,,
W18051,Oil Crops & Oils,Wholesale,empty,,,,,
W18052,Oil Crops & Oils,Wholesale,empty,,,,,
W18053,Oil Crops & Oils,Wholesale,active,0.0028790786948176585,21.793525179856115,644.0,0.16259909866391864,0.5878449865190984
W18054,Oil Crops & Oils,Wholesale,active,0.00527831094049904,20.63009592326139,1130.0,0.47051766241600634,0.57868512953904
W18055,Oil Crops & Oils,Wholesale,active,0.0047984644913627635,20.158369304556352,875.0,0.3169691983055799,0.5401665430976121
W18056,Oil Crops & Oils,Wholesale,empty,,,,,
W18057,Oil Crops & Oils,Wholesale,empty,,,,,
W18058,Oil Crops & Oils,Wholesale,active,0.0028790786948176585,35.234311750599524,606.0,9.376938596027691e-05,1.7463011480313259e-06
W18059,Oil Crops & Oils,Wholesale,active,0.0028790786948176585,35.166297362110306,606.0,0.017535016861254867,0.014503093616045327
W18060,Oil Crops & Oils,Wholesale,active,0.0047984644913627635,32.85711270983214,755.0,0.0010474162741485001,0.0028084114353097342
W18061,Oil Crops & Oils,Wholesale,active,0.0047984644913627635,33.06674340527577,755.0,0.03458523251377096,0.03678006215324078
W18062,Oil Crops & Oils,Wholesale,empty,,,,,
W18063,Oil Crops & Oils,Wholesale,empty,,,,,
W18064,Oil Crops & Oils,Wholesale,empty,,,,,
W18065,Oil Crops & Oils,Wholesale,active,0.00527831094049904,64.03645083932854,1921.0,0.8039842521212454,0.8199859116939074
W18066,Oil Crops & Oils,Wholesale,active,0.00527831094049904,57.55347721822542,1921.0,0.7327222064028894,0.7791284340816915
W18067,Oil Crops & Oils,Wholesale,empty,,,,,
W18068,Oil Crops & Oils,Wholesale,empty,,,,,
W18069,Oil Crops & Oils,Wholesale,active,0.0014395393474088292,145.68920863309353,1836.0,0.28043089063643,0.28043089063643
W18070,Oil Crops & Oils,Wholesale,empty,,,,,
W18071,Oil Crops & Oils,Wholesale,active,0.0023992322456813818,128.9232613908873,1921.0,0.6070901725536747,0.7547999495502129
W18072,Oil Crops & Oils,Wholesale,active,0.0028790786948176585,13.213525179856113,1155.0,0.3987530292645392,0.6851461426763116
W18073,Oil Crops & Oils,Wholesale,active,0.0023992322456813818,14.726810551558753,1158.0,0.7134994860812212,0.7465130837198479
W18074,Oil Crops & Oils,Wholesale,active,0.0004798464491362764,550.3117505995203,227.0,1.496231358314853e-24,1.4962313583435624e-24
W18075,Oil Crops & Oils,Wholesale,active,0.007197696737044146,125.26080575539568,1844.0,0.92426861232296,0.9267338719223572
W18076,Oil Crops & Oils,Wholesale,empty,,,,,
W18077,Oil Crops & Oils,Wholesale,active,0.0,52.0,793.0,,
W18078,Oil Crops & Oils,Wholesale,active,0.00527831094049904,92.86810551558753,1921.0,0.3903287014096173,0.47397788815763714
W18079,Oil Crops & Oils,Wholesale,active,0.0067178502879078695,74.13956834532374,1921.0,0.48115421993653523,0.48115421993653545
W18080,Oil Crops & Oils,Wholesale,active,0.0,20.0,1921.0,,
W18081,Oil Crops & Oils,Wholesale,empty,,,,,
W18082,Oil Crops & Oils,Wholesale,empty,,,,,
W18083,Oil Crops & Oils,Wholesale,empty,,,,,
W18084,Oil Crops & Oils,Wholesale,active,0.007197696737044146,130.8758561151079,1844.0,0.9298477624076131,0.8809746773957292
W18085,Oil Crops & Oils,Wholesale,empty,,,,,
W18086,Oil Crops & Oils,Wholesale,active,0.43953934740882916,5.199424460431654,1921.0,0.09771216461191967,0.13362431285040594
W18087,Oil Crops & Oils,Wholesale,active,0.46833013435700577,5.318992805755395,1920.0,0.13561526719092903,0.15117886245836848
W18088,Oil Crops & Oils,Wholesale,active,0.45873320537428025,5.372757793764987,1921.0,0.08384757943141091,0.0953422755454873
W18089,Oil Crops & Oils,Wholesale,active,0.40978886756238003,5.230335731414868,1921.0,0.09993153031092844,0.13399631501797987
W18090,Oil Crops & Oils,Wholesale,active,0.362763915547025,5.376690647482015,1919.0,0.15190108663087104,0.13993016692846444
W18091,Oil Crops & Oils,Wholesale,active,0.4102687140115163,5.311098321342925,1911.0,0.11431421737408859,0.13097724389549187
W18092,Oil Crops & Oils,Wholesale,active,0.14059500959692897,5.446378896882495,1921.0,0.19329410969859212,0.2069964821889792
W18093,Oil Crops & Oils,Wholesale,active,0.05422264875239923,577.1328537170264,1920.0,0.523531337153872,0.523531337153872
W18094,Oil Crops & Oils,Wholesale,active,0.07389635316698656,482.77841726618703,1910.0,0.5013301524180793,0.5013301524180793
W18095,Oil Crops & Oils,Wholesale,active,0.4064299424184261,5.359904076738609,1921.0,0.17956729382832265,0.08591888793896363
W18096,Oil Crops & Oils,Wholesale,active,0.3709213051823417,5.482565947242206,1921.0,0.12376614277535902,0.1082203453903901
W18097,Oil Crops & Oils,Wholesale,active,0.02543186180422265,679.956834532374,1921.0,0.7819672920694754,0.778795719319674
W18098,Oil Crops & Oils,Wholesale,active,0.023512476007677544,676.7510791366907,1921.0,0.7780395148593399,0.772608794271705
W18099,Oil Crops & Oils,Wholesale,active,0.009117082533589251,319.9640287769784,1921.0,0.6500530974013988,0.7675945761234539
W18100,Oil Crops & Oils,Wholesale,active,0.0009596928982725527,623.031175059952,1566.0,0.7261959525969519,0.7261959525969519
W18101,Oil Crops & Oils,Wholesale,active,0.0019193857965451055,153.77314148681054,1493.0,0.3876481160281436,0.3889306923468891
W18102,Oil Crops & Oils,Wholesale,active,0.0047984644913627635,82.96258992805755,1633.0,0.38532573658277164,0.40712357260248944
W18103,Oil Crops & Oils,Wholesale,active,0.0028790786948176585,90.38129496402878,1633.0,0.2570624150182337,0.33051195779210524
W18104,Oil Crops & Oils,Wholesale,active,0.10460652591170826,5.605179856115107,688.0,0.007515569107054081,0.007515569107054081
W18105,Oil Crops & Oils,Wholesale,active,0.028790786948176585,15.824820143884892,688.0,0.47357805231303374,0.5572630309401319
W18106,Oil Crops & Oils,Wholesale,active,0.026391554702495202,516.2637889688249,428.0,0.06111394309612962,0.15967383617446795
W18107,Oil Crops & Oils,Wholesale,active,0.0004798464491362764,824.7170263788969,83.0,0.9420994174317793,0.942099417431779
W18108,Oil Crops & Oils,Wholesale,active,0.0004798464491362764,859.7170263788969,83.0,0.9420994174317646,0.9420994174317664
