Gamma,Seed,Horizon,MAE,SMAPE,RMSE,PICoverage,CalPIScale,CalPIWidth,CalPICoverage,Baseline_MAE,Baseline_SMAPE,Baseline_RMSE
0.0,42,20,107.48764209372747,20.294640317322376,274.9398251031652,0.47751466061325215,1.8650655408628976,142.47407544701198,0.6543190768542881,24.21243959450349,9.796574044745402,68.07111884131292
0.0,42,60,118.25021102743777,23.312555215460534,302.6517820200699,0.4067309841957729,2.8775392876816945,241.43555309987207,0.7172436327365905,47.894818989211146,17.03479422966747,126.49418002697287
0.0,42,120,114.4506427437622,24.08164308905884,301.20726027874196,0.4088634370324511,3.2779322099326564,285.14280759848043,0.7457393936267176,79.35004684325393,20.419586364754704,207.84288787526748
0.0,42,250,118.2136552795394,26.2666091178285,292.98358077150465,0.40303358613217766,2.724841419931565,258.1423306105894,0.7022992656795474,131.250998530247,22.1890145513318,370.16366077322436
0.5,42,20,116.38236828197182,20.905309761183506,296.46891657752826,0.4082787322223942,3.0590063499092954,247.5576152673574,0.68357151455743,24.21243959450349,9.796574044745402,68.07111884131292
0.5,42,60,120.67395066519686,23.809047128703178,304.26601472042165,0.3571858501435966,3.6325682323517436,303.3952851482709,0.7310529845741114,47.894818989211146,17.03479422966747,126.49418002697287
0.5,42,120,111.92683932939649,23.83739473514524,286.5052636770038,0.34783057318268584,4.404547180041075,389.37800870745866,0.7922750176271303,79.35004684325393,20.419586364754704,207.84288787526748
0.5,42,250,104.87482467335714,25.217913449212844,284.5607344812429,0.3502897728249841,4.085222342605054,366.6233047997537,0.7672358939964574,131.250998530247,22.1890145513318,370.16366077322436
1.0,42,20,78.83918544774158,15.281026247458259,208.1523242509953,0.5958485958485958,1.5239436929020815,144.28746602453725,0.7264785292954307,24.21243959450349,9.796574044745402,68.07111884131292
1.0,42,60,98.73096094035382,21.62315418813956,248.11886751747048,0.5077129443326627,1.6171406307875884,176.0433565313338,0.666718258267554,47.894818989211146,17.03479422966747,126.49418002697287
1.0,42,120,104.62028494735682,22.97451208321955,270.41968766191036,0.47607009578840565,2.308600536970386,258.6616268877722,0.7701938124473335,79.35004684325393,20.419586364754704,207.84288787526748
1.0,42,250,116.53039296457695,26.16855619051568,312.75503720793785,0.42473645290546697,2.3727617989482934,265.5898558650261,0.7530138093518375,131.250998530247,22.1890145513318,370.16366077322436
1.5,42,20,77.3786850314754,15.109625941616674,198.33431975019627,0.5973447522743297,1.510659405338385,189.95994702676126,0.7389636967101756,24.21243959450349,9.796574044745402,68.07111884131292
1.5,42,60,113.94178379488028,22.496708583927376,289.66064352614177,0.5260279626476809,1.650977546800664,262.73716036683624,0.7357478202548625,47.894818989211146,17.03479422966747,126.49418002697287
1.5,42,120,116.32192387572815,23.811290964668977,293.0778758166131,0.5204388725515486,1.9907314392070907,338.85371464448065,0.8003061101652651,79.35004684325393,20.419586364754704,207.84288787526748
1.5,42,250,118.8702877463535,24.635308628541587,310.58857240594773,0.5365698464290014,2.087327229914901,388.6997905104839,0.8031436482140708,131.250998530247,22.1890145513318,370.16366077322436
2.0,42,20,78.09859564313234,13.92644195613789,219.8915741390257,0.5723400230442484,1.3597893570997903,146.75951190282996,0.6691774579098523,24.21243959450349,9.796574044745402,68.07111884131292
2.0,42,60,95.82774928868726,20.264685110664843,253.61703766831548,0.5688661885844984,1.3734439928091307,211.07994842389303,0.6821785413334709,47.894818989211146,17.03479422966747,126.49418002697287
2.0,42,120,100.67689056052197,22.600267176577532,265.2002331140254,0.5823315964161034,1.3605499718514429,241.5007456504727,0.7106227106227107,79.35004684325393,20.419586364754704,207.84288787526748
2.0,42,250,100.40782920865972,24.305776298492983,272.1385233766539,0.5612650260537585,1.464786526165078,277.60754671854687,0.742643897573475,131.250998530247,22.1890145513318,370.16366077322436
2.5,42,20,71.34063239515316,14.6747603346084,198.2968980000098,0.5740941374744192,1.5951725064380131,140.14908931824914,0.7273899809111076,24.21243959450349,9.796574044745402,68.07111884131292
2.5,42,60,90.43177213231073,21.007324380399748,234.45618363879493,0.5459939121910953,1.484264896502698,236.11530627650288,0.70159418046742,47.894818989211146,17.03479422966747,126.49418002697287
2.5,42,120,86.46007595207053,21.798962181685862,228.77749682730942,0.5510842834786497,1.4595246076534754,252.80331757744884,0.7156442931090818,79.35004684325393,20.419586364754704,207.84288787526748
2.5,42,250,96.04888695706919,23.74394293469614,271.5912230943379,0.5373093260417204,1.6292721597054247,294.4841325101235,0.7328242962045779,131.250998530247,22.1890145513318,370.16366077322436
3.0,42,20,45.709849266007005,11.648394613802068,133.9465746254971,0.4886584464049253,2.6129365183884565,122.49804825889996,0.7619219591050577,24.21243959450349,9.796574044745402,68.07111884131292
3.0,42,60,54.23243786664564,18.164730459004005,141.7219522584734,0.49123802644929404,1.8386657267535436,174.89582996016057,0.70572150853841,47.894818989211146,17.03479422966747,126.49418002697287
3.0,42,120,61.032805823566775,19.35488328620445,156.37617735736617,0.4791140002407608,2.1254932802759137,232.0188226528133,0.7518959913326111,79.35004684325393,20.419586364754704,207.84288787526748
3.0,42,250,89.50675926114921,20.072437091771175,256.80591003505333,0.48828010799841787,2.5333182149794413,285.5994631397295,0.7812000206366404,131.250998530247,22.1890145513318,370.16366077322436
3.5,42,20,64.50169479139092,12.842844964947421,206.08906826905903,0.5986689366971057,1.8373926783971548,153.02589556639563,0.7546991349808251,24.21243959450349,9.796574044745402,68.07111884131292
3.5,42,60,74.43247702372089,20.2191906048412,210.80294786156435,0.42778035735782216,2.0865166810133444,217.51227352422453,0.7019037300727442,47.894818989211146,17.03479422966747,126.49418002697287
3.5,42,120,72.3227079339047,20.851893983552376,187.92203135135736,0.41005004385286076,2.4106124643675555,255.48291364272305,0.7485081428743401,79.35004684325393,20.419586364754704,207.84288787526748
3.5,42,250,73.66577790277861,19.07962566382787,217.91704427039124,0.4569640062597809,3.0642153700290793,343.4168785055994,0.8632134688472717,131.250998530247,22.1890145513318,370.16366077322436
3.5,43,20,47.99764638460347,11.689824001787818,140.06236720508414,0.4008839360952037,4.186444163179217,144.02243334439,0.7558341502003474,24.21243959450349,9.796574044745402,68.07111884131292
3.5,43,60,64.52071935645755,17.98175656439935,177.22067265592844,0.21536053930420127,5.342573228268821,179.69515137770762,0.708197905381004,47.894818989211146,17.03479422966747,126.49418002697287
3.5,43,120,65.45435021791879,19.17171312558938,174.10119468813025,0.182995408347521,6.530496006084023,222.574617499301,0.7484737484737485,79.35004684325393,20.419586364754704,207.84288787526748
3.5,43,250,79.4484703942292,19.209921451433797,230.54620699924524,0.15300349103166005,7.909341365908825,271.9443829067993,0.8139778844004196,131.250998530247,22.1890145513318,370.16366077322436
4.0,42,20,37.197201017498884,10.766559246865539,104.40596496649795,0.29603260589176084,10.613126151791839,183.9431503450548,0.8165230700441968,24.21243959450349,9.796574044745402,68.07111884131292
4.0,42,60,51.16364883515268,17.385828334374786,129.82070082193945,0.16920325371029596,15.307902822882392,270.48328246123685,0.7734268861029424,47.894818989211146,17.03479422966747,126.49418002697287
4.0,42,120,67.73839659294626,19.930941176631293,172.1274770891405,0.13212608987256874,18.10946911324436,322.06308402915084,0.7527558513474006,79.35004684325393,20.419586364754704,207.84288787526748
4.0,42,250,109.58758882821907,21.200492388995148,307.40021378726055,0.11793839962854047,25.48970874737891,482.86657740452193,0.8670828389138249,131.250998530247,22.1890145513318,370.16366077322436
4.0,43,20,37.678148660708025,10.817301582234283,104.67860247515304,0.32028065830882735,8.120793894738064,173.7435284365115,0.7786204405922715,24.21243959450349,9.796574044745402,68.07111884131292
4.0,43,60,50.53250678926673,17.12514135293205,128.26978663309959,0.18552339679100244,10.030910999728906,215.18103075575357,0.7130303186641215,47.894818989211146,17.03479422966747,126.49418002697287
4.0,43,120,67.09400770372297,19.585721146337445,170.78361548220028,0.13207449827168136,12.651170206545656,272.0470662698356,0.7512940893222584,79.35004684325393,20.419586364754704,207.84288787526748
4.0,43,250,105.5790626044054,21.005235372628544,302.5806525206695,0.11850590723830161,18.169678101000635,395.8015308073999,0.8788285267158507,131.250998530247,22.1890145513318,370.16366077322436
4.0,44,20,34.37688068972792,10.662132199112213,94.04168441816864,0.33145883850109203,9.338825387052156,205.90666740260315,0.8280967858432647,24.21243959450349,9.796574044745402,68.07111884131292
4.0,44,60,48.01903192898811,17.16497322780892,122.21695764526288,0.199934650638876,10.67459807724417,234.69573907165943,0.730915406971745,47.894818989211146,17.03479422966747,126.49418002697287
4.0,44,120,68.69315239400767,19.940765093542883,175.98998958137884,0.15112899619941875,13.645078198937489,300.6976453945341,0.7542520077731345,79.35004684325393,20.419586364754704,207.84288787526748
4.0,44,250,113.84799106854905,21.81285128263495,320.54721311746954,0.13274518908321725,25.54486767678743,546.9512610583756,0.8896971573027911,131.250998530247,22.1890145513318,370.16366077322436
4.5,42,20,38.45565927050079,10.89531740169059,107.5936978155497,0.3552597637104679,6.7019827659755995,182.35261304212523,0.7797210614112022,24.21243959450349,9.796574044745402,68.07111884131292
4.5,42,60,49.652474324871505,17.20043657168015,126.88850621818973,0.20891158919327935,8.495990058289008,228.46477007133197,0.7118609090440077,47.894818989211146,17.03479422966747,126.49418002697287
4.5,42,120,69.02112508200622,19.784277680700306,179.38669542069408,0.14517876489707476,11.4332522474881,286.24486005981356,0.739428021118162,79.35004684325393,20.419586364754704,207.84288787526748
4.5,42,250,84.81247727443277,19.536833124974184,244.03875030175476,0.1336910350994858,17.94316482931759,435.84206762016584,0.8859997592391958,131.250998530247,22.1890145513318,370.16366077322436
4.5,43,20,36.827859799247584,10.757625297639791,103.83739179984627,0.25747648282859553,12.847877019114451,192.17460453074622,0.8258267554042202,24.21243959450349,9.796574044745402,68.07111884131292
4.5,43,60,52.39048802715635,17.36061197440323,135.94676401480174,0.1493060929680648,15.886190212045861,235.69356215069286,0.731740872585943,47.894818989211146,17.03479422966747,126.49418002697287
4.5,43,120,66.32993537691021,19.661331890468585,170.51344589962997,0.1117474075220554,21.75466718430727,321.2126965865129,0.7651550327606665,79.35004684325393,20.419586364754704,207.84288787526748
4.5,43,250,103.06956702046774,21.069918981739292,291.57850316112797,0.09800684448571773,30.673458784794818,457.85202832176174,0.8586046191679995,131.250998530247,22.1890145513318,370.16366077322436
4.5,44,20,39.97873124136708,11.370793548482386,116.5976100050857,0.3029802748112607,7.131828494931094,215.97153823302995,0.826497446215756,24.21243959450349,9.796574044745402,68.07111884131292
4.5,44,60,60.01814269295243,18.78514534829142,154.54304588952076,0.12433575813857504,10.429852442239067,316.70844235183256,0.8193262136924109,47.894818989211146,17.03479422966747,126.49418002697287
4.5,44,120,63.47310714077324,19.824878898606052,158.8106908293119,0.1250752377512941,11.946860939599336,355.4542498075269,0.8502811742248362,79.35004684325393,20.419586364754704,207.84288787526748
4.5,44,250,89.96171457424839,21.559032768819833,249.50569821094814,0.09534127843986999,15.753404354399198,451.8735606067654,0.9018211835113243,131.250998530247,22.1890145513318,370.16366077322436
5.0,42,20,42.78648888203505,11.193822409740264,122.59682751540632,0.3496018848131524,6.9117184396774665,215.39515377554932,0.8062219470670174,24.21243959450349,9.796574044745402,68.07111884131292
5.0,42,60,53.158585548965156,17.51033214044409,135.96316543786278,0.19623725257528074,9.289512313171032,280.8825715281146,0.7313453369791398,47.894818989211146,17.03479422966747,126.49418002697287
5.0,42,120,66.06926370834412,20.02425593888125,169.0440678209155,0.1613097387745275,11.321617568022837,349.2969195340408,0.7251887392732463,79.35004684325393,20.419586364754704,207.84288787526748
5.0,42,250,101.94123307517435,22.741633066830683,289.0601629244525,0.10297683537120157,18.298577857961373,569.2776896189639,0.8747871846463395,131.250998530247,22.1890145513318,370.16366077322436
5.5,42,20,39.88338056119396,11.151140007235195,109.02134971468314,0.31685841544996474,7.703282334501111,238.6022811268003,0.8232987669607388,24.21243959450349,9.796574044745402,68.07111884131292
5.5,42,60,53.753666323110444,17.734730130452558,139.26882795597652,0.20505941632702196,8.64064122080276,247.290121443397,0.6977592048014584,47.894818989211146,17.03479422966747,126.49418002697287
5.5,42,120,66.50373447630813,20.17921386954663,171.64688840835512,0.15633974788904367,11.005363036510492,264.28233052380386,0.7101239918141327,79.35004684325393,20.419586364754704,207.84288787526748
5.5,42,250,96.72105583895878,20.904616494560276,273.88605112201276,0.1286522554128188,19.259812784432864,449.1162938056165,0.8792068651223581,131.250998530247,22.1890145513318,370.16366077322436
6.0,42,20,42.68052480637404,11.569423029081932,121.91526864653011,0.24364993379077887,10.226962105310413,163.0981069029723,0.7960068100913171,24.21243959450349,9.796574044745402,68.07111884131292
6.0,42,60,61.214852420916486,18.55106568786364,166.97235260683016,0.09515210923661628,15.9729897674627,182.52837924445106,0.6899344786668731,47.894818989211146,17.03479422966747,126.49418002697287
6.0,42,120,67.83591004763679,20.2556817064874,177.08971669661867,0.06412835990300779,21.45936792782682,222.73892737533117,0.7312249565770692,79.35004684325393,20.419586364754704,207.84288787526748
6.0,42,250,83.0308608007342,19.73772055785036,237.66415851906058,0.06103286384976526,27.24254030867659,284.8550388531135,0.7897642263839447,131.250998530247,22.1890145513318,370.16366077322436
6.5,42,20,33.009895308589925,10.878248903547693,84.61817843402473,0.24536965382035805,10.850256004159442,165.72551633218177,0.8128600663811931,24.21243959450349,9.796574044745402,68.07111884131292
6.5,42,60,50.098802596241974,17.44381189362396,124.93082279598389,0.1309394830521591,14.65438442564795,246.1486607267126,0.7834872482759807,47.894818989211146,17.03479422966747,126.49418002697287
6.5,42,120,71.64081431819436,20.220202767608587,182.64319314823302,0.07587404770503361,18.05947928285811,297.92552363913416,0.7701766152470377,79.35004684325393,20.419586364754704,207.84288787526748
6.5,42,250,112.49141326949609,22.001623974945154,320.6214098596263,0.08003577017661524,23.2022303291329,378.97159149946117,0.792464186830384,131.250998530247,22.1890145513318,370.16366077322436
7.0,42,20,39.1215594866544,11.088469433890262,110.36803415606842,0.1990919878243822,12.044094055601166,252.32278059224953,0.8219917797382587,24.21243959450349,9.796574044745402,68.07111884131292
7.0,42,60,52.12186918515499,17.636578488169373,131.4795537117763,0.1086003198679255,16.58844353167375,353.1339594376955,0.7854993207105884,47.894818989211146,17.03479422966747,126.49418002697287
7.0,42,120,69.66613867339593,20.47082111452034,176.629276136328,0.0700098024041686,20.769280238183846,460.43622462391465,0.7892999019759583,79.35004684325393,20.419586364754704,207.84288787526748
7.0,42,250,108.44922707608077,21.859888287710113,305.659147634744,0.05602847856368983,25.026417840250602,560.0330066055268,0.8463946069579873,131.250998530247,22.1890145513318,370.16366077322436
7.5,42,20,34.6198688414782,10.944964526950258,94.15156657771821,0.3646322378716745,6.778646672162685,170.00543751776667,0.7880273091540697,24.21243959450349,9.796574044745402,68.07111884131292
7.5,42,60,50.99502524689159,17.551319233829954,130.23366899308581,0.22829283392663674,8.11395902554908,223.28423453348597,0.7083182857830745,47.894818989211146,17.03479422966747,126.49418002697287
7.5,42,120,67.51196651535443,20.049026640987805,173.18392769197428,0.17217836936146796,10.42533462840704,286.7845252566314,0.7480610156666495,79.35004684325393,20.419586364754704,207.84288787526748
7.5,42,250,107.19402975464995,21.508518153547747,304.80032607759955,0.1531066742334348,18.319729909086547,507.1454897283282,0.8819068255687974,131.250998530247,22.1890145513318,370.16366077322436
8.0,42,20,38.55290120600266,11.829501826584421,99.20410024578584,0.11645944040310237,11.896212785471882,216.81629185629197,0.8131696159865174,24.21243959450349,9.796574044745402,68.07111884131292
8.0,42,60,54.97967289780973,18.49177416884468,133.5238762062751,0.09174706357804949,15.503465805363259,278.22644628983375,0.752721456946809,47.894818989211146,17.03479422966747,126.49418002697287
8.0,42,120,70.5589803952556,21.049609169486416,175.13270751725065,0.07510017369172299,20.024549844637754,364.1221054736992,0.7967290925037404,79.35004684325393,20.419586364754704,207.84288787526748
8.0,42,250,108.24612172247829,22.04350909229669,304.4014296095549,0.07859120535176874,28.678827174911213,517.7388817376975,0.9036784811432699,131.250998530247,22.1890145513318,370.16366077322436
